customer_id,name,city,account_age_days,lifetime_value_inr,prime_member
CUST-0001,User 1,Chennai,499,57849.16,True
CUST-0002,User 2,Kolkata,122,35355.39,True
CUST-0003,User 3,Chennai,1490,64462.61,False
CUST-0004,User 4,Kolkata,768,70669.32,False
CUST-0005,User 5,Delhi,343,97268.63,True
CUST-0006,User 6,Bengaluru,1290,78026.88,False
CUST-0007,User 7,Bengaluru,160,17491.05,False
CUST-0008,User 8,Delhi,262,14379.7,False
CUST-0009,User 9,Mumbai,1155,1770.77,True
CUST-0010,User 10,Hyderabad,1348,88785.59,False
CUST-0011,User 11,Chennai,98,70503.6,True
CUST-0012,User 12,Pune,698,37608.49,True
CUST-0013,User 13,Kolkata,176,86810.04,True
CUST-0014,User 14,Mumbai,722,66973.03,False
CUST-0015,User 15,Chennai,1255,72597.75,False
CUST-0016,User 16,Kolkata,1466,58967.93,True
CUST-0017,User 17,Hyderabad,1369,12687.15,False
CUST-0018,User 18,Hyderabad,322,33168.85,True
CUST-0019,User 19,Pune,949,24886.19,True
CUST-0020,User 20,Hyderabad,566,42586.41,True
CUST-0021,User 21,Chennai,99,69392.91,True
CUST-0022,User 22,Bengaluru,1293,16651.55,True
CUST-0023,User 23,Kolkata,787,47813.12,False
CUST-0024,User 24,Delhi,132,68696.08,True
CUST-0025,User 25,Hyderabad,1041,96131.63,True
CUST-0026,User 26,Hyderabad,782,69598.23,False
CUST-0027,User 27,Bengaluru,919,1689.43,False
CUST-0028,User 28,Chennai,933,61055.06,True
CUST-0029,User 29,Kolkata,62,85063.22,True
CUST-0030,User 30,Bengaluru,1048,74548.44,True
CUST-0031,User 31,Kolkata,1268,69775.73,True
CUST-0032,User 32,Bengaluru,110,84136.06,False
CUST-0033,User 33,Bengaluru,473,94931.75,False
CUST-0034,User 34,Mumbai,1253,76690.99,False
CUST-0035,User 35,Delhi,505,73778.72,False
CUST-0036,User 36,Hyderabad,216,24566.11,False
CUST-0037,User 37,Mumbai,122,94766.98,False
CUST-0038,User 38,Kolkata,362,46797.28,False
CUST-0039,User 39,Mumbai,733,39373.99,False
CUST-0040,User 40,Bengaluru,516,24425.43,False
CUST-0041,User 41,Bengaluru,994,71853.57,False
CUST-0042,User 42,Hyderabad,1212,92266.25,True
CUST-0043,User 43,Mumbai,372,18635.08,True
CUST-0044,User 44,Delhi,860,59637.45,True
CUST-0045,User 45,Pune,1460,65871.39,True
CUST-0046,User 46,Bengaluru,156,11777.97,False
CUST-0047,User 47,Delhi,1000,52714.75,False
CUST-0048,User 48,Bengaluru,1165,99094.8,False
CUST-0049,User 49,Kolkata,1121,88546.7,False
CUST-0050,User 50,Hyderabad,1483,61032.02,False
CUST-0051,User 51,Mumbai,817,65127.77,False
CUST-0052,User 52,Kolkata,288,23794.78,True
CUST-0053,User 53,Hyderabad,824,39733.17,True
CUST-0054,User 54,Kolkata,357,666.08,False
CUST-0055,User 55,Chennai,1311,7532.92,False
CUST-0056,User 56,Chennai,517,39262.35,False
CUST-0057,User 57,Bengaluru,779,7192.13,True
CUST-0058,User 58,Delhi,1273,45191.42,True
CUST-0059,User 59,Hyderabad,754,72142.29,False
CUST-0060,User 60,Hyderabad,1320,8800.45,False
CUST-0061,User 61,Kolkata,1319,19063.63,True
CUST-0062,User 62,Pune,57,32602.18,False
CUST-0063,User 63,Delhi,533,20304.52,True
CUST-0064,User 64,Kolkata,296,59581.34,False
CUST-0065,User 65,Delhi,92,96273.59,False
CUST-0066,User 66,Pune,134,48335.68,False
CUST-0067,User 67,Bengaluru,862,70706.05,True
CUST-0068,User 68,Delhi,1105,20787.8,False
CUST-0069,User 69,Mumbai,73,10850.39,False
CUST-0070,User 70,Mumbai,1193,57771.03,True
CUST-0071,User 71,Bengaluru,969,49656.23,False
CUST-0072,User 72,Hyderabad,1033,3554.69,False
CUST-0073,User 73,Bengaluru,1039,86726.51,False
CUST-0074,User 74,Mumbai,1447,96786.69,True
CUST-0075,User 75,Mumbai,14,12066.01,False
CUST-0076,User 76,Bengaluru,1475,51869.44,True
CUST-0077,User 77,Bengaluru,21,63595.76,True
CUST-0078,User 78,Pune,431,7374.04,False
CUST-0079,User 79,Pune,338,63284.59,False
CUST-0080,User 80,Delhi,767,30038.23,True
CUST-0081,User 81,Mumbai,858,29468.72,False
CUST-0082,User 82,Chennai,810,24373.59,False
CUST-0083,User 83,Kolkata,459,35429.3,True
CUST-0084,User 84,Chennai,297,52422.14,True
CUST-0085,User 85,Delhi,1483,76422.34,False
CUST-0086,User 86,Delhi,234,63916.8,True
CUST-0087,User 87,Chennai,895,38857.68,False
CUST-0088,User 88,Chennai,661,27443.06,False
CUST-0089,User 89,Pune,1115,81709.67,True
CUST-0090,User 90,Kolkata,22,13547.19,True
CUST-0091,User 91,Pune,671,66891.65,False
CUST-0092,User 92,Kolkata,1164,71782.75,True
CUST-0093,User 93,Pune,1000,89047.43,True
CUST-0094,User 94,Chennai,969,68980.1,True
CUST-0095,User 95,Delhi,1231,64874.94,False
CUST-0096,User 96,Pune,303,29091.24,True
CUST-0097,User 97,Delhi,1378,64507.7,True
CUST-0098,User 98,Mumbai,1124,78932.92,True
CUST-0099,User 99,Kolkata,183,80585.77,False
CUST-0100,User 100,Bengaluru,956,96418.34,True
CUST-0101,User 101,Mumbai,656,32562.34,False
CUST-0102,User 102,Bengaluru,898,51688.63,False
CUST-0103,User 103,Bengaluru,1040,91546.1,False
CUST-0104,User 104,Mumbai,529,77963.35,True
CUST-0105,User 105,Delhi,147,21819.83,True
CUST-0106,User 106,Bengaluru,561,96833.89,True
CUST-0107,User 107,Pune,1187,2361.97,True
CUST-0108,User 108,Kolkata,644,17531.6,False
CUST-0109,User 109,Kolkata,118,9839.49,False
CUST-0110,User 110,Hyderabad,1013,89209.26,False
CUST-0111,User 111,Delhi,877,50884.93,True
CUST-0112,User 112,Hyderabad,612,50070.65,False
CUST-0113,User 113,Kolkata,729,39294.13,True
CUST-0114,User 114,Bengaluru,1409,23954.91,False
CUST-0115,User 115,Pune,1389,24532.89,True
CUST-0116,User 116,Chennai,1440,540.85,True
CUST-0117,User 117,Mumbai,544,32951.93,False
CUST-0118,User 118,Kolkata,1113,17708.55,True
CUST-0119,User 119,Bengaluru,1239,14805.44,False
CUST-0120,User 120,Delhi,1170,27836.9,False
CUST-0121,User 121,Chennai,1105,74515.64,False
CUST-0122,User 122,Hyderabad,1405,70160.96,True
CUST-0123,User 123,Bengaluru,400,54620.68,False
CUST-0124,User 124,Delhi,343,38056.24,True
CUST-0125,User 125,Hyderabad,644,93156.84,False
CUST-0126,User 126,Pune,704,78471.92,False
CUST-0127,User 127,Delhi,402,59014.94,False
CUST-0128,User 128,Chennai,1446,75930.65,False
CUST-0129,User 129,Chennai,667,79742.81,True
CUST-0130,User 130,Hyderabad,1239,67505.08,True
CUST-0131,User 131,Bengaluru,1090,76533.37,True
CUST-0132,User 132,Kolkata,685,72498.98,True
CUST-0133,User 133,Bengaluru,1048,28058.63,False
CUST-0134,User 134,Pune,581,83573.34,False
CUST-0135,User 135,Hyderabad,1031,98203.19,False
CUST-0136,User 136,Chennai,379,41857.31,True
CUST-0137,User 137,Bengaluru,1284,14229.13,False
CUST-0138,User 138,Mumbai,1373,46831.8,False
CUST-0139,User 139,Bengaluru,1297,67300.71,False
CUST-0140,User 140,Kolkata,12,70635.45,True
CUST-0141,User 141,Bengaluru,343,9151.14,True
CUST-0142,User 142,Delhi,675,92746.27,True
CUST-0143,User 143,Hyderabad,129,48735.24,False
CUST-0144,User 144,Kolkata,1310,6091.26,True
CUST-0145,User 145,Delhi,967,17929.26,True
CUST-0146,User 146,Chennai,1475,61674.81,False
CUST-0147,User 147,Hyderabad,521,61601.55,True
CUST-0148,User 148,Hyderabad,847,14947.39,False
CUST-0149,User 149,Chennai,70,75467.69,True
CUST-0150,User 150,Hyderabad,1330,42019.72,False
CUST-0151,User 151,Bengaluru,804,66621.88,True
CUST-0152,User 152,Delhi,843,55708.25,False
CUST-0153,User 153,Hyderabad,1316,51015.52,False
CUST-0154,User 154,Mumbai,1062,19870.32,False
CUST-0155,User 155,Chennai,760,5049.2,True
CUST-0156,User 156,Kolkata,949,88966.95,True
CUST-0157,User 157,Bengaluru,155,84536.1,False
CUST-0158,User 158,Kolkata,1157,3177.33,False
CUST-0159,User 159,Pune,372,82143.92,True
CUST-0160,User 160,Hyderabad,677,91345.06,True
CUST-0161,User 161,Pune,1209,62914.31,False
CUST-0162,User 162,Hyderabad,554,89656.6,True
CUST-0163,User 163,Delhi,1079,99732.68,True
CUST-0164,User 164,Bengaluru,381,14910.82,False
CUST-0165,User 165,Delhi,79,14111.06,False
CUST-0166,User 166,Chennai,776,40751.93,False
CUST-0167,User 167,Hyderabad,315,84053.49,False
CUST-0168,User 168,Mumbai,1222,28587.64,True
CUST-0169,User 169,Chennai,884,31457.95,False
CUST-0170,User 170,Delhi,674,74980.62,True
CUST-0171,User 171,Pune,786,45829.87,False
CUST-0172,User 172,Mumbai,539,18699.89,True
CUST-0173,User 173,Bengaluru,1023,15982.63,False
CUST-0174,User 174,Chennai,606,44833.27,True
CUST-0175,User 175,Chennai,88,99896.94,True
CUST-0176,User 176,Delhi,292,31341.51,True
CUST-0177,User 177,Bengaluru,265,61774.94,False
CUST-0178,User 178,Mumbai,682,93620.58,True
CUST-0179,User 179,Pune,245,30365.93,True
CUST-0180,User 180,Delhi,417,23448.11,False
CUST-0181,User 181,Delhi,982,94922.5,True
CUST-0182,User 182,Pune,766,75502.6,True
CUST-0183,User 183,Mumbai,557,19731.62,False
CUST-0184,User 184,Pune,1092,62387.48,True
CUST-0185,User 185,Hyderabad,128,19862.62,True
CUST-0186,User 186,Chennai,1243,64612.53,False
CUST-0187,User 187,Pune,795,3989.24,False
CUST-0188,User 188,Bengaluru,435,71961.38,False
CUST-0189,User 189,Bengaluru,708,13934.81,True
CUST-0190,User 190,Pune,57,38880.75,False
CUST-0191,User 191,Pune,1287,38276.6,True
CUST-0192,User 192,Kolkata,968,26913.9,False
CUST-0193,User 193,Hyderabad,842,5566.09,False
CUST-0194,User 194,Bengaluru,436,42524.8,False
CUST-0195,User 195,Kolkata,17,29340.9,True
CUST-0196,User 196,Pune,586,43014.73,False
CUST-0197,User 197,Bengaluru,493,28547.57,True
CUST-0198,User 198,Mumbai,889,87611.04,False
CUST-0199,User 199,Delhi,981,1760.05,True
CUST-0200,User 200,Pune,988,48587.26,True
CUST-0201,User 201,Chennai,891,61096.64,False
CUST-0202,User 202,Delhi,145,90193.31,True
CUST-0203,User 203,Hyderabad,120,42026.44,True
CUST-0204,User 204,Pune,300,12665.39,False
CUST-0205,User 205,Pune,135,37303.88,False
CUST-0206,User 206,Bengaluru,50,55992.09,True
CUST-0207,User 207,Mumbai,1008,28389.17,True
CUST-0208,User 208,Chennai,1316,61544.99,True
CUST-0209,User 209,Pune,1478,70258.88,True
CUST-0210,User 210,Chennai,892,90354.61,False
CUST-0211,User 211,Bengaluru,581,97486.4,False
CUST-0212,User 212,Delhi,1417,57894.97,False
CUST-0213,User 213,Kolkata,989,75606.25,True
CUST-0214,User 214,Bengaluru,143,13231.51,True
CUST-0215,User 215,Chennai,250,96947.68,False
CUST-0216,User 216,Bengaluru,1128,1643.3,True
CUST-0217,User 217,Hyderabad,750,34893.41,True
CUST-0218,User 218,Delhi,1452,7672.16,True
CUST-0219,User 219,Delhi,1412,46148.38,True
CUST-0220,User 220,Mumbai,1078,76417.07,True
CUST-0221,User 221,Mumbai,1282,84472.39,False
CUST-0222,User 222,Bengaluru,34,14060.36,False
CUST-0223,User 223,Delhi,1027,42468.87,False
CUST-0224,User 224,Mumbai,1275,65028.47,False
CUST-0225,User 225,Bengaluru,1203,13015.83,True
CUST-0226,User 226,Delhi,842,50517.69,False
CUST-0227,User 227,Bengaluru,357,42140.83,True
CUST-0228,User 228,Mumbai,1227,53609.68,False
CUST-0229,User 229,Hyderabad,1049,87861.5,False
CUST-0230,User 230,Chennai,780,47767.13,False
CUST-0231,User 231,Kolkata,1081,16436.51,False
CUST-0232,User 232,Chennai,267,71912.04,False
CUST-0233,User 233,Pune,252,8152.59,True
CUST-0234,User 234,Pune,1407,70496.89,False
CUST-0235,User 235,Kolkata,237,17438.59,True
CUST-0236,User 236,Kolkata,588,87148.07,True
CUST-0237,User 237,Hyderabad,464,21453.25,True
CUST-0238,User 238,Chennai,1065,13579.3,True
CUST-0239,User 239,Kolkata,996,69652.11,False
CUST-0240,User 240,Chennai,745,27295.49,True
CUST-0241,User 241,Delhi,427,16813.13,False
CUST-0242,User 242,Kolkata,131,52184.97,True
CUST-0243,User 243,Pune,1120,36754.49,True
CUST-0244,User 244,Mumbai,526,79576.99,False
CUST-0245,User 245,Pune,495,77963.5,True
CUST-0246,User 246,Delhi,1445,5274.98,False
CUST-0247,User 247,Bengaluru,1151,21685.28,True
CUST-0248,User 248,Kolkata,1346,16786.39,True
CUST-0249,User 249,Mumbai,122,31276.78,False
CUST-0250,User 250,Mumbai,815,1156.48,False
CUST-0251,User 251,Delhi,1142,78952.86,True
CUST-0252,User 252,Bengaluru,1112,54544.72,False
CUST-0253,User 253,Delhi,1415,19793.81,False
CUST-0254,User 254,Mumbai,352,99863.15,False
CUST-0255,User 255,Delhi,997,56932.64,False
CUST-0256,User 256,Pune,1099,86118.49,False
CUST-0257,User 257,Mumbai,331,43799.79,True
CUST-0258,User 258,Pune,149,19563.02,False
CUST-0259,User 259,Delhi,931,16291.91,False
CUST-0260,User 260,Bengaluru,97,76784.93,True
CUST-0261,User 261,Chennai,1454,21714.62,False
CUST-0262,User 262,Mumbai,1147,73211.0,False
CUST-0263,User 263,Chennai,1290,80544.19,True
CUST-0264,User 264,Hyderabad,776,28471.72,True
CUST-0265,User 265,Hyderabad,970,63666.39,True
CUST-0266,User 266,Kolkata,1431,41290.09,True
CUST-0267,User 267,Kolkata,795,86355.65,True
CUST-0268,User 268,Kolkata,244,76350.91,False
CUST-0269,User 269,Kolkata,1489,89611.67,False
CUST-0270,User 270,Kolkata,333,61344.61,False
CUST-0271,User 271,Delhi,1233,30212.78,False
CUST-0272,User 272,Delhi,255,10985.73,False
CUST-0273,User 273,Pune,468,81371.7,True
CUST-0274,User 274,Mumbai,422,14704.55,False
CUST-0275,User 275,Mumbai,1073,68361.26,False
CUST-0276,User 276,Chennai,1303,83393.06,False
CUST-0277,User 277,Delhi,202,81639.88,False
CUST-0278,User 278,Chennai,1037,13333.78,False
CUST-0279,User 279,Kolkata,396,12528.88,True
CUST-0280,User 280,Chennai,334,24038.75,True
CUST-0281,User 281,Delhi,1335,34376.26,True
CUST-0282,User 282,Mumbai,1082,27583.5,True
CUST-0283,User 283,Kolkata,1478,47332.17,True
CUST-0284,User 284,Bengaluru,933,14882.07,False
CUST-0285,User 285,Kolkata,1429,36711.74,True
CUST-0286,User 286,Hyderabad,57,48313.76,True
CUST-0287,User 287,Hyderabad,665,20412.22,True
CUST-0288,User 288,Chennai,1468,78241.32,True
CUST-0289,User 289,Chennai,366,23773.59,False
CUST-0290,User 290,Kolkata,1331,85665.75,True
CUST-0291,User 291,Bengaluru,104,28456.81,True
CUST-0292,User 292,Delhi,993,90313.22,False
CUST-0293,User 293,Chennai,107,34759.55,True
CUST-0294,User 294,Delhi,1073,54494.38,True
CUST-0295,User 295,Hyderabad,760,53473.42,True
CUST-0296,User 296,Delhi,314,53869.54,True
CUST-0297,User 297,Mumbai,1361,68028.43,False
CUST-0298,User 298,Kolkata,110,51126.58,False
CUST-0299,User 299,Kolkata,863,62490.42,False
CUST-0300,User 300,Chennai,1144,82781.55,False
CUST-0301,User 301,Pune,1431,69772.66,True
CUST-0302,User 302,Delhi,1422,35576.31,False
CUST-0303,User 303,Bengaluru,1307,99301.35,True
CUST-0304,User 304,Pune,1299,31296.0,True
CUST-0305,User 305,Bengaluru,1359,57809.38,True
CUST-0306,User 306,Chennai,657,95850.37,False
CUST-0307,User 307,Mumbai,1336,40907.14,False
CUST-0308,User 308,Pune,1017,41043.87,True
CUST-0309,User 309,Mumbai,841,73308.24,False
CUST-0310,User 310,Hyderabad,681,12414.05,False
CUST-0311,User 311,Chennai,819,94934.4,False
CUST-0312,User 312,Mumbai,1087,60461.4,True
CUST-0313,User 313,Kolkata,199,6513.11,True
CUST-0314,User 314,Pune,1403,56370.31,False
CUST-0315,User 315,Delhi,509,88014.19,False
CUST-0316,User 316,Kolkata,1372,80977.57,True
CUST-0317,User 317,Hyderabad,1405,39342.32,False
CUST-0318,User 318,Pune,1340,39120.57,False
CUST-0319,User 319,Bengaluru,1316,6573.29,False
CUST-0320,User 320,Hyderabad,929,86692.09,False
CUST-0321,User 321,Kolkata,723,63987.51,True
CUST-0322,User 322,Bengaluru,656,87778.99,False
CUST-0323,User 323,Hyderabad,869,86396.5,True
CUST-0324,User 324,Chennai,814,52107.24,False
CUST-0325,User 325,Pune,95,7508.07,False
CUST-0326,User 326,Kolkata,462,4834.39,False
CUST-0327,User 327,Chennai,648,97246.12,False
CUST-0328,User 328,Kolkata,526,94337.12,True
CUST-0329,User 329,Bengaluru,463,92878.43,False
CUST-0330,User 330,Kolkata,57,75927.59,False
CUST-0331,User 331,Chennai,540,35665.05,False
CUST-0332,User 332,Hyderabad,673,92121.08,True
CUST-0333,User 333,Pune,348,82676.03,False
CUST-0334,User 334,Bengaluru,190,46760.8,True
CUST-0335,User 335,Delhi,463,22881.29,True
CUST-0336,User 336,Kolkata,81,84298.38,False
CUST-0337,User 337,Chennai,175,56957.59,True
CUST-0338,User 338,Mumbai,636,41089.18,False
CUST-0339,User 339,Hyderabad,292,86067.3,False
CUST-0340,User 340,Chennai,144,99571.7,True
CUST-0341,User 341,Bengaluru,1032,22581.78,False
CUST-0342,User 342,Chennai,1405,80995.92,True
CUST-0343,User 343,Hyderabad,777,78286.81,False
CUST-0344,User 344,Chennai,529,73114.48,False
CUST-0345,User 345,Chennai,1438,21940.92,True
CUST-0346,User 346,Kolkata,1265,54463.67,True
CUST-0347,User 347,Mumbai,193,72946.67,True
CUST-0348,User 348,Hyderabad,1013,21737.05,False
CUST-0349,User 349,Kolkata,182,43774.05,True
CUST-0350,User 350,Chennai,1135,55703.12,False
CUST-0351,User 351,Delhi,928,52366.89,True
CUST-0352,User 352,Chennai,289,99382.24,False
CUST-0353,User 353,Bengaluru,1427,99557.24,True
CUST-0354,User 354,Pune,1436,43617.97,True
CUST-0355,User 355,Hyderabad,1131,3664.61,True
CUST-0356,User 356,Delhi,369,55175.32,False
CUST-0357,User 357,Hyderabad,722,97917.56,True
CUST-0358,User 358,Hyderabad,989,30024.37,True
CUST-0359,User 359,Bengaluru,410,28041.22,True
CUST-0360,User 360,Bengaluru,970,43094.88,True
CUST-0361,User 361,Pune,1348,79532.5,False
CUST-0362,User 362,Pune,1413,89842.99,False
CUST-0363,User 363,Hyderabad,1072,13901.09,True
CUST-0364,User 364,Delhi,435,83912.22,False
CUST-0365,User 365,Hyderabad,595,66951.42,True
CUST-0366,User 366,Chennai,345,42460.66,False
CUST-0367,User 367,Mumbai,1366,97104.09,True
CUST-0368,User 368,Chennai,200,74024.73,True
CUST-0369,User 369,Pune,1200,49927.0,False
CUST-0370,User 370,Chennai,326,62034.15,True
CUST-0371,User 371,Kolkata,18,76461.09,True
CUST-0372,User 372,Chennai,757,22440.72,True
CUST-0373,User 373,Chennai,1112,90745.65,True
CUST-0374,User 374,Hyderabad,1034,80510.1,True
CUST-0375,User 375,Delhi,335,50342.98,False
CUST-0376,User 376,Kolkata,1327,2214.78,False
CUST-0377,User 377,Kolkata,898,42255.24,False
CUST-0378,User 378,Hyderabad,1297,17512.63,True
CUST-0379,User 379,Hyderabad,919,91142.35,True
CUST-0380,User 380,Hyderabad,1364,10423.35,True
CUST-0381,User 381,Chennai,1447,46573.98,True
CUST-0382,User 382,Delhi,1092,99841.28,True
CUST-0383,User 383,Chennai,1034,24224.61,False
CUST-0384,User 384,Chennai,59,58396.67,False
CUST-0385,User 385,Delhi,912,24722.93,False
CUST-0386,User 386,Mumbai,819,6742.04,False
CUST-0387,User 387,Chennai,462,39036.92,True
CUST-0388,User 388,Pune,1352,68051.95,False
CUST-0389,User 389,Delhi,394,63170.04,False
CUST-0390,User 390,Chennai,473,593.19,False
CUST-0391,User 391,Pune,868,24778.13,True
CUST-0392,User 392,Pune,857,39318.92,False
CUST-0393,User 393,Chennai,651,96928.52,True
CUST-0394,User 394,Pune,174,48039.17,True
CUST-0395,User 395,Chennai,102,55454.6,False
CUST-0396,User 396,Pune,143,36506.27,True
CUST-0397,User 397,Delhi,18,77227.22,True
CUST-0398,User 398,Mumbai,971,26170.39,True
CUST-0399,User 399,Chennai,1282,92527.57,False
CUST-0400,User 400,Delhi,495,44253.22,True
CUST-0401,User 401,Delhi,673,44492.19,False
CUST-0402,User 402,Kolkata,676,59764.41,True
CUST-0403,User 403,Bengaluru,466,99458.76,True
CUST-0404,User 404,Mumbai,568,11072.38,False
CUST-0405,User 405,Hyderabad,1277,17440.89,False
CUST-0406,User 406,Chennai,931,37281.25,True
CUST-0407,User 407,Bengaluru,957,23932.88,False
CUST-0408,User 408,Kolkata,1484,49808.6,False
CUST-0409,User 409,Hyderabad,800,26496.14,True
CUST-0410,User 410,Mumbai,574,33066.75,True
CUST-0411,User 411,Kolkata,913,36079.82,True
CUST-0412,User 412,Delhi,65,46665.53,True
CUST-0413,User 413,Bengaluru,332,82126.07,True
CUST-0414,User 414,Delhi,1412,9442.3,False
CUST-0415,User 415,Bengaluru,729,28569.06,False
CUST-0416,User 416,Delhi,1018,24484.86,False
CUST-0417,User 417,Delhi,400,31850.75,False
CUST-0418,User 418,Chennai,1068,19568.15,False
CUST-0419,User 419,Kolkata,128,79132.95,False
CUST-0420,User 420,Kolkata,59,94488.39,False
CUST-0421,User 421,Mumbai,678,86173.51,False
CUST-0422,User 422,Hyderabad,1067,22690.34,True
CUST-0423,User 423,Bengaluru,1302,33933.46,True
CUST-0424,User 424,Delhi,809,42258.63,False
CUST-0425,User 425,Kolkata,1497,45197.75,True
CUST-0426,User 426,Pune,1300,60571.14,True
CUST-0427,User 427,Bengaluru,1031,63807.28,False
CUST-0428,User 428,Mumbai,759,986.91,True
CUST-0429,User 429,Hyderabad,656,44704.48,True
CUST-0430,User 430,Mumbai,1189,91811.23,True
CUST-0431,User 431,Pune,968,24257.55,False
CUST-0432,User 432,Chennai,640,95716.13,True
CUST-0433,User 433,Mumbai,779,65136.55,False
CUST-0434,User 434,Kolkata,541,39835.84,False
CUST-0435,User 435,Kolkata,917,86967.32,False
CUST-0436,User 436,Kolkata,48,82603.17,True
CUST-0437,User 437,Chennai,450,11683.3,False
CUST-0438,User 438,Delhi,667,73243.35,True
CUST-0439,User 439,Mumbai,1122,57576.08,True
CUST-0440,User 440,Pune,197,2725.03,False
CUST-0441,User 441,Hyderabad,1363,43964.58,True
CUST-0442,User 442,Bengaluru,889,83206.16,False
CUST-0443,User 443,Bengaluru,786,75737.58,True
CUST-0444,User 444,Chennai,822,76071.78,False
CUST-0445,User 445,Chennai,43,34181.49,False
CUST-0446,User 446,Delhi,360,96741.83,False
CUST-0447,User 447,Bengaluru,731,77526.78,True
CUST-0448,User 448,Hyderabad,889,66988.69,True
CUST-0449,User 449,Bengaluru,255,69856.37,True
CUST-0450,User 450,Chennai,237,65654.13,True
CUST-0451,User 451,Pune,1452,45313.68,False
CUST-0452,User 452,Hyderabad,496,63202.6,False
CUST-0453,User 453,Mumbai,1489,18978.0,False
CUST-0454,User 454,Hyderabad,570,47312.23,False
CUST-0455,User 455,Bengaluru,845,16126.63,True
CUST-0456,User 456,Kolkata,134,2438.95,False
CUST-0457,User 457,Hyderabad,1436,54904.66,False
CUST-0458,User 458,Hyderabad,17,83144.04,False
CUST-0459,User 459,Kolkata,1490,94016.43,True
CUST-0460,User 460,Pune,873,89101.41,False
CUST-0461,User 461,Pune,1389,23608.09,False
CUST-0462,User 462,Bengaluru,580,3724.67,True
CUST-0463,User 463,Mumbai,1494,626.36,True
CUST-0464,User 464,Delhi,1020,58636.58,False
CUST-0465,User 465,Bengaluru,379,86416.16,False
CUST-0466,User 466,Mumbai,1033,13886.74,False
CUST-0467,User 467,Hyderabad,1333,73509.91,False
CUST-0468,User 468,Pune,1129,47674.61,False
CUST-0469,User 469,Delhi,275,9226.64,False
CUST-0470,User 470,Kolkata,1378,72043.2,False
CUST-0471,User 471,Mumbai,422,16593.57,False
CUST-0472,User 472,Bengaluru,627,18807.64,False
CUST-0473,User 473,Bengaluru,1238,71714.8,True
CUST-0474,User 474,Chennai,80,18487.52,False
CUST-0475,User 475,Pune,150,45031.63,True
CUST-0476,User 476,Bengaluru,273,57519.88,True
CUST-0477,User 477,Mumbai,686,42685.39,True
CUST-0478,User 478,Bengaluru,1194,14312.51,True
CUST-0479,User 479,Pune,357,8488.76,True
CUST-0480,User 480,Kolkata,1138,19054.84,True
CUST-0481,User 481,Chennai,52,74764.01,False
CUST-0482,User 482,Bengaluru,907,58478.46,True
CUST-0483,User 483,Kolkata,1075,70091.99,True
CUST-0484,User 484,Delhi,1278,34508.69,True
CUST-0485,User 485,Pune,1043,30306.87,False
CUST-0486,User 486,Delhi,699,11826.08,False
CUST-0487,User 487,Delhi,417,52406.88,False
CUST-0488,User 488,Mumbai,152,68402.21,True
CUST-0489,User 489,Mumbai,421,15449.48,True
CUST-0490,User 490,Hyderabad,632,50257.99,True
CUST-0491,User 491,Delhi,1264,50726.1,False
CUST-0492,User 492,Pune,176,49890.03,False
CUST-0493,User 493,Pune,1322,67728.26,False
CUST-0494,User 494,Mumbai,1298,37800.97,False
CUST-0495,User 495,Delhi,213,45832.6,False
CUST-0496,User 496,Kolkata,1410,47658.81,False
CUST-0497,User 497,Chennai,1037,37990.43,True
CUST-0498,User 498,Hyderabad,495,76626.3,True
CUST-0499,User 499,Pune,1382,95382.69,True
CUST-0500,User 500,Chennai,469,77465.39,False
CUST-0501,User 501,Pune,31,89574.41,False
CUST-0502,User 502,Pune,1409,58993.82,False
CUST-0503,User 503,Bengaluru,743,31427.7,True
CUST-0504,User 504,Kolkata,1159,32715.17,True
CUST-0505,User 505,Kolkata,66,97056.42,False
CUST-0506,User 506,Kolkata,1338,91556.76,True
CUST-0507,User 507,Delhi,327,11115.87,True
CUST-0508,User 508,Delhi,360,98301.48,False
CUST-0509,User 509,Pune,1149,37078.99,True
CUST-0510,User 510,Mumbai,1462,16653.62,True
CUST-0511,User 511,Bengaluru,512,93916.87,False
CUST-0512,User 512,Delhi,97,96800.28,True
CUST-0513,User 513,Chennai,1390,44137.63,False
CUST-0514,User 514,Pune,609,36358.06,False
CUST-0515,User 515,Bengaluru,1265,97267.81,True
CUST-0516,User 516,Bengaluru,227,15561.29,False
CUST-0517,User 517,Mumbai,476,98115.9,True
CUST-0518,User 518,Bengaluru,973,80337.84,True
CUST-0519,User 519,Bengaluru,358,69659.11,False
CUST-0520,User 520,Pune,954,43995.03,True
CUST-0521,User 521,Delhi,1480,18704.51,False
CUST-0522,User 522,Chennai,1452,29898.71,False
CUST-0523,User 523,Bengaluru,909,82918.69,True
CUST-0524,User 524,Kolkata,795,33810.01,True
CUST-0525,User 525,Chennai,937,67618.21,False
CUST-0526,User 526,Chennai,674,81216.1,False
CUST-0527,User 527,Delhi,600,56639.72,False
CUST-0528,User 528,Pune,749,72634.28,False
CUST-0529,User 529,Bengaluru,445,27778.27,True
CUST-0530,User 530,Mumbai,860,28734.1,False
CUST-0531,User 531,Delhi,683,51891.16,False
CUST-0532,User 532,Mumbai,554,72930.77,False
CUST-0533,User 533,Mumbai,944,77821.63,True
CUST-0534,User 534,Pune,1170,36362.81,False
CUST-0535,User 535,Mumbai,274,63251.71,False
CUST-0536,User 536,Pune,486,96113.08,False
CUST-0537,User 537,Delhi,1118,29767.21,False
CUST-0538,User 538,Hyderabad,227,56958.88,False
CUST-0539,User 539,Bengaluru,56,73409.69,True
CUST-0540,User 540,Delhi,463,95259.99,True
CUST-0541,User 541,Mumbai,137,20360.23,False
CUST-0542,User 542,Chennai,1473,40928.2,True
CUST-0543,User 543,Chennai,998,96573.58,False
CUST-0544,User 544,Chennai,257,9546.86,True
CUST-0545,User 545,Kolkata,178,84815.76,False
CUST-0546,User 546,Bengaluru,1096,37147.19,False
CUST-0547,User 547,Pune,540,77109.89,True
CUST-0548,User 548,Pune,599,7930.69,False
CUST-0549,User 549,Hyderabad,948,57887.37,False
CUST-0550,User 550,Mumbai,969,47505.23,False
CUST-0551,User 551,Delhi,1365,80205.53,False
CUST-0552,User 552,Delhi,902,92110.78,False
CUST-0553,User 553,Bengaluru,925,94912.01,False
CUST-0554,User 554,Pune,585,27254.18,False
CUST-0555,User 555,Kolkata,1189,13362.66,True
CUST-0556,User 556,Mumbai,746,25300.56,True
CUST-0557,User 557,Hyderabad,765,85810.07,False
CUST-0558,User 558,Hyderabad,389,24870.52,False
CUST-0559,User 559,Bengaluru,320,49354.33,False
CUST-0560,User 560,Delhi,910,44752.21,False
CUST-0561,User 561,Bengaluru,1256,16484.47,False
CUST-0562,User 562,Hyderabad,1405,50540.07,True
CUST-0563,User 563,Delhi,480,36979.83,False
CUST-0564,User 564,Delhi,99,8997.53,False
CUST-0565,User 565,Kolkata,1492,54773.09,False
CUST-0566,User 566,Mumbai,310,3057.46,True
CUST-0567,User 567,Pune,1046,93300.44,False
CUST-0568,User 568,Delhi,1234,19848.6,True
CUST-0569,User 569,Bengaluru,685,24503.93,False
CUST-0570,User 570,Mumbai,411,96896.29,False
CUST-0571,User 571,Kolkata,1384,42658.58,False
CUST-0572,User 572,Kolkata,1251,50050.49,False
CUST-0573,User 573,Kolkata,916,23788.45,False
CUST-0574,User 574,Kolkata,315,4936.39,True
CUST-0575,User 575,Chennai,1055,26534.76,False
CUST-0576,User 576,Delhi,1094,66331.19,True
CUST-0577,User 577,Chennai,1109,59201.31,False
CUST-0578,User 578,Chennai,1262,60023.38,False
CUST-0579,User 579,Hyderabad,188,54637.06,True
CUST-0580,User 580,Chennai,1323,55128.78,True
CUST-0581,User 581,Bengaluru,237,29778.47,False
CUST-0582,User 582,Kolkata,999,15144.13,True
CUST-0583,User 583,Delhi,1446,17113.25,True
CUST-0584,User 584,Kolkata,1012,96386.93,True
CUST-0585,User 585,Chennai,1147,54437.47,True
CUST-0586,User 586,Mumbai,134,54627.71,True
CUST-0587,User 587,Hyderabad,822,99653.01,True
CUST-0588,User 588,Delhi,75,20906.05,False
CUST-0589,User 589,Bengaluru,1060,20296.33,True
CUST-0590,User 590,Chennai,323,40479.03,False
CUST-0591,User 591,Bengaluru,1087,18588.23,True
CUST-0592,User 592,Mumbai,72,70886.96,False
CUST-0593,User 593,Chennai,404,8420.76,True
CUST-0594,User 594,Chennai,594,4445.9,True
CUST-0595,User 595,Delhi,1072,51163.2,False
CUST-0596,User 596,Chennai,547,92401.49,True
CUST-0597,User 597,Pune,162,23354.96,False
CUST-0598,User 598,Mumbai,407,74984.88,False
CUST-0599,User 599,Delhi,725,85310.72,True
CUST-0600,User 600,Delhi,563,68902.47,False
CUST-0601,User 601,Delhi,260,11131.79,True
CUST-0602,User 602,Chennai,288,95781.28,False
CUST-0603,User 603,Chennai,859,88085.68,False
CUST-0604,User 604,Hyderabad,377,75920.44,False
CUST-0605,User 605,Mumbai,1250,36744.83,False
CUST-0606,User 606,Chennai,851,48104.08,False
CUST-0607,User 607,Mumbai,191,28135.75,True
CUST-0608,User 608,Hyderabad,991,41747.63,True
CUST-0609,User 609,Hyderabad,629,94061.89,True
CUST-0610,User 610,Chennai,681,96927.16,True
CUST-0611,User 611,Chennai,776,84248.93,False
CUST-0612,User 612,Hyderabad,384,80521.05,True
CUST-0613,User 613,Chennai,426,15560.94,True
CUST-0614,User 614,Kolkata,1425,39300.09,False
CUST-0615,User 615,Delhi,1280,95030.38,False
CUST-0616,User 616,Mumbai,272,65857.11,False
CUST-0617,User 617,Bengaluru,143,39906.65,True
CUST-0618,User 618,Kolkata,534,13076.38,False
CUST-0619,User 619,Kolkata,661,62980.14,False
CUST-0620,User 620,Hyderabad,1491,81439.03,True
CUST-0621,User 621,Bengaluru,1172,4217.53,False
CUST-0622,User 622,Hyderabad,369,80099.59,True
CUST-0623,User 623,Mumbai,943,9332.5,True
CUST-0624,User 624,Kolkata,778,96427.33,True
CUST-0625,User 625,Hyderabad,135,5868.82,True
CUST-0626,User 626,Kolkata,459,49825.35,False
CUST-0627,User 627,Hyderabad,963,5541.26,False
CUST-0628,User 628,Hyderabad,1438,25999.02,True
CUST-0629,User 629,Hyderabad,68,58340.47,True
CUST-0630,User 630,Hyderabad,1192,63100.93,True
CUST-0631,User 631,Delhi,1211,35853.9,False
CUST-0632,User 632,Kolkata,128,60913.12,True
CUST-0633,User 633,Hyderabad,1259,40553.85,False
CUST-0634,User 634,Pune,264,14316.17,True
CUST-0635,User 635,Pune,460,66430.84,False
CUST-0636,User 636,Bengaluru,872,88257.94,False
CUST-0637,User 637,Delhi,610,93237.86,True
CUST-0638,User 638,Mumbai,176,98184.15,True
CUST-0639,User 639,Delhi,376,9979.66,False
CUST-0640,User 640,Hyderabad,53,71578.36,True
CUST-0641,User 641,Delhi,815,64270.32,False
CUST-0642,User 642,Delhi,951,87645.69,True
CUST-0643,User 643,Mumbai,674,1143.62,True
CUST-0644,User 644,Pune,604,2609.14,False
CUST-0645,User 645,Delhi,1148,58602.12,False
CUST-0646,User 646,Hyderabad,1123,76305.75,True
CUST-0647,User 647,Kolkata,1399,28090.52,True
CUST-0648,User 648,Delhi,269,21287.28,True
CUST-0649,User 649,Kolkata,960,54853.23,False
CUST-0650,User 650,Mumbai,1261,84472.24,False
CUST-0651,User 651,Hyderabad,124,25161.3,True
CUST-0652,User 652,Chennai,1484,83704.42,False
CUST-0653,User 653,Chennai,415,92434.46,False
CUST-0654,User 654,Delhi,1186,95935.14,True
CUST-0655,User 655,Kolkata,994,84250.48,False
CUST-0656,User 656,Kolkata,1493,29354.93,False
CUST-0657,User 657,Delhi,1099,10382.76,True
CUST-0658,User 658,Chennai,434,26168.54,False
CUST-0659,User 659,Delhi,1212,32803.39,True
CUST-0660,User 660,Hyderabad,189,91093.19,False
CUST-0661,User 661,Hyderabad,500,8330.32,True
CUST-0662,User 662,Delhi,112,74581.69,True
CUST-0663,User 663,Hyderabad,223,45607.13,False
CUST-0664,User 664,Hyderabad,711,84434.87,False
CUST-0665,User 665,Delhi,89,80494.98,True
CUST-0666,User 666,Bengaluru,784,94840.72,False
CUST-0667,User 667,Mumbai,303,44342.57,True
CUST-0668,User 668,Bengaluru,25,84235.1,True
CUST-0669,User 669,Hyderabad,877,59657.76,True
CUST-0670,User 670,Pune,14,96498.94,True
CUST-0671,User 671,Pune,122,61971.97,False
CUST-0672,User 672,Mumbai,492,27016.25,False
CUST-0673,User 673,Kolkata,233,90356.48,False
CUST-0674,User 674,Delhi,1089,82336.93,True
CUST-0675,User 675,Pune,847,32638.92,False
CUST-0676,User 676,Delhi,1033,61009.11,True
CUST-0677,User 677,Hyderabad,120,87539.61,False
CUST-0678,User 678,Delhi,1382,23133.37,True
CUST-0679,User 679,Hyderabad,708,89706.8,True
CUST-0680,User 680,Hyderabad,1483,50533.6,False
CUST-0681,User 681,Chennai,1002,19927.41,False
CUST-0682,User 682,Pune,713,21840.83,True
CUST-0683,User 683,Pune,767,72917.11,False
CUST-0684,User 684,Mumbai,25,24449.46,True
CUST-0685,User 685,Bengaluru,1352,53887.68,True
CUST-0686,User 686,Chennai,23,22781.72,True
CUST-0687,User 687,Mumbai,435,66716.8,True
CUST-0688,User 688,Pune,1296,94613.28,True
CUST-0689,User 689,Delhi,1327,18418.92,True
CUST-0690,User 690,Pune,880,21732.37,False
CUST-0691,User 691,Mumbai,936,98761.11,False
CUST-0692,User 692,Bengaluru,463,44272.59,True
CUST-0693,User 693,Mumbai,326,91841.81,True
CUST-0694,User 694,Hyderabad,982,10922.08,False
CUST-0695,User 695,Delhi,762,19467.93,True
CUST-0696,User 696,Mumbai,438,82651.59,True
CUST-0697,User 697,Mumbai,379,56411.0,True
CUST-0698,User 698,Mumbai,1116,95737.2,True
CUST-0699,User 699,Hyderabad,1214,31650.25,False
CUST-0700,User 700,Delhi,802,95059.25,False
CUST-0701,User 701,Mumbai,1217,63212.77,True
CUST-0702,User 702,Mumbai,109,66063.09,False
CUST-0703,User 703,Mumbai,60,23788.54,True
CUST-0704,User 704,Hyderabad,442,28414.47,True
CUST-0705,User 705,Bengaluru,538,26666.09,False
CUST-0706,User 706,Kolkata,1231,56453.48,True
CUST-0707,User 707,Mumbai,144,14208.08,False
CUST-0708,User 708,Kolkata,1365,31644.15,False
CUST-0709,User 709,Kolkata,412,84636.7,False
CUST-0710,User 710,Chennai,1308,31391.45,False
CUST-0711,User 711,Delhi,863,16544.98,False
CUST-0712,User 712,Bengaluru,865,5154.67,True
CUST-0713,User 713,Chennai,697,67516.8,True
CUST-0714,User 714,Chennai,486,10758.39,False
CUST-0715,User 715,Pune,1212,75501.81,False
CUST-0716,User 716,Bengaluru,167,15131.37,True
CUST-0717,User 717,Pune,771,28554.85,False
CUST-0718,User 718,Hyderabad,270,9186.58,True
CUST-0719,User 719,Mumbai,338,38524.85,True
CUST-0720,User 720,Delhi,559,33720.89,True
CUST-0721,User 721,Kolkata,1354,30842.34,True
CUST-0722,User 722,Chennai,155,52012.27,False
CUST-0723,User 723,Kolkata,1490,25418.72,False
CUST-0724,User 724,Pune,1004,82485.36,True
CUST-0725,User 725,Delhi,445,68227.28,False
CUST-0726,User 726,Pune,405,95495.85,True
CUST-0727,User 727,Mumbai,896,29940.4,False
CUST-0728,User 728,Pune,1427,5366.46,False
CUST-0729,User 729,Bengaluru,76,92051.49,True
CUST-0730,User 730,Mumbai,582,10351.75,True
CUST-0731,User 731,Delhi,85,18710.6,False
CUST-0732,User 732,Chennai,548,26341.51,True
CUST-0733,User 733,Hyderabad,730,62563.19,True
CUST-0734,User 734,Hyderabad,127,69882.2,True
CUST-0735,User 735,Pune,1168,22039.18,True
CUST-0736,User 736,Mumbai,1443,92540.55,True
CUST-0737,User 737,Delhi,730,66331.02,True
CUST-0738,User 738,Bengaluru,154,67681.84,False
CUST-0739,User 739,Bengaluru,1355,77549.12,True
CUST-0740,User 740,Chennai,914,72522.27,True
CUST-0741,User 741,Pune,87,97774.53,True
CUST-0742,User 742,Hyderabad,87,50297.53,True
CUST-0743,User 743,Kolkata,242,91023.78,True
CUST-0744,User 744,Kolkata,1330,60359.67,False
CUST-0745,User 745,Kolkata,1082,14981.13,False
CUST-0746,User 746,Mumbai,877,30499.94,False
CUST-0747,User 747,Hyderabad,1262,56372.97,True
CUST-0748,User 748,Mumbai,243,31160.82,True
CUST-0749,User 749,Pune,568,63946.36,True
CUST-0750,User 750,Chennai,671,66328.13,False
CUST-0751,User 751,Delhi,315,78224.44,True
CUST-0752,User 752,Mumbai,641,12547.75,True
CUST-0753,User 753,Bengaluru,771,78574.7,True
CUST-0754,User 754,Chennai,497,89891.73,True
CUST-0755,User 755,Kolkata,910,68241.55,False
CUST-0756,User 756,Kolkata,294,27443.81,False
CUST-0757,User 757,Bengaluru,978,60006.1,False
CUST-0758,User 758,Mumbai,200,41082.58,False
CUST-0759,User 759,Hyderabad,1015,5378.08,True
CUST-0760,User 760,Chennai,188,40539.07,False
CUST-0761,User 761,Kolkata,599,49202.27,False
CUST-0762,User 762,Hyderabad,146,12724.14,True
CUST-0763,User 763,Delhi,1397,56432.7,True
CUST-0764,User 764,Pune,758,30710.58,True
CUST-0765,User 765,Chennai,1225,35896.54,True
CUST-0766,User 766,Chennai,1067,45692.49,False
CUST-0767,User 767,Bengaluru,681,32902.56,True
CUST-0768,User 768,Chennai,420,85190.86,True
CUST-0769,User 769,Bengaluru,245,49114.29,True
CUST-0770,User 770,Hyderabad,1172,93711.61,False
CUST-0771,User 771,Kolkata,123,57858.86,True
CUST-0772,User 772,Hyderabad,775,8651.51,False
CUST-0773,User 773,Delhi,456,11982.36,True
CUST-0774,User 774,Bengaluru,1262,79146.44,True
CUST-0775,User 775,Mumbai,274,2774.89,True
CUST-0776,User 776,Chennai,65,77560.67,True
CUST-0777,User 777,Bengaluru,606,37894.28,True
CUST-0778,User 778,Bengaluru,1045,42602.46,False
CUST-0779,User 779,Chennai,961,4337.54,False
CUST-0780,User 780,Mumbai,937,83050.57,False
CUST-0781,User 781,Delhi,1241,3323.92,True
CUST-0782,User 782,Delhi,603,97780.76,False
CUST-0783,User 783,Kolkata,732,81867.8,True
CUST-0784,User 784,Delhi,1275,25149.65,True
CUST-0785,User 785,Delhi,1134,96401.0,False
CUST-0786,User 786,Chennai,1019,42368.81,True
CUST-0787,User 787,Hyderabad,809,97219.04,True
CUST-0788,User 788,Chennai,424,52974.32,False
CUST-0789,User 789,Delhi,1333,4304.15,False
CUST-0790,User 790,Pune,395,41441.74,True
CUST-0791,User 791,Chennai,1133,24551.84,True
CUST-0792,User 792,Pune,1370,30138.69,True
CUST-0793,User 793,Chennai,343,68036.97,False
CUST-0794,User 794,Hyderabad,578,87176.14,False
CUST-0795,User 795,Hyderabad,323,19741.42,True
CUST-0796,User 796,Pune,756,80135.76,True
CUST-0797,User 797,Delhi,513,19324.92,False
CUST-0798,User 798,Bengaluru,945,62255.24,False
CUST-0799,User 799,Kolkata,394,30889.98,True
CUST-0800,User 800,Chennai,728,66089.03,True
CUST-0801,User 801,Delhi,761,80014.02,False
CUST-0802,User 802,Hyderabad,1431,25300.91,False
CUST-0803,User 803,Delhi,1480,73480.62,False
CUST-0804,User 804,Kolkata,1382,18486.23,True
CUST-0805,User 805,Chennai,661,23444.09,False
CUST-0806,User 806,Kolkata,468,62768.97,True
CUST-0807,User 807,Pune,1131,9913.57,False
CUST-0808,User 808,Delhi,846,4314.89,False
CUST-0809,User 809,Mumbai,1453,36761.68,False
CUST-0810,User 810,Pune,238,50866.83,True
CUST-0811,User 811,Pune,1066,43306.47,False
CUST-0812,User 812,Chennai,158,2979.65,True
CUST-0813,User 813,Pune,1085,85092.54,False
CUST-0814,User 814,Pune,1064,75015.17,True
CUST-0815,User 815,Hyderabad,1184,26580.7,True
CUST-0816,User 816,Bengaluru,821,33039.9,False
CUST-0817,User 817,Chennai,490,28392.08,True
CUST-0818,User 818,Hyderabad,183,92176.19,True
CUST-0819,User 819,Pune,531,79104.84,True
CUST-0820,User 820,Kolkata,1465,15770.48,True
CUST-0821,User 821,Pune,472,2203.14,False
CUST-0822,User 822,Mumbai,945,49653.65,True
CUST-0823,User 823,Kolkata,1418,58868.34,True
CUST-0824,User 824,Chennai,509,96882.09,False
CUST-0825,User 825,Kolkata,208,95331.33,False
CUST-0826,User 826,Delhi,1090,37221.95,False
CUST-0827,User 827,Delhi,296,77990.31,True
CUST-0828,User 828,Bengaluru,1395,65867.43,True
CUST-0829,User 829,Kolkata,1372,54925.54,True
CUST-0830,User 830,Pune,59,80846.04,True
CUST-0831,User 831,Delhi,536,19506.75,False
CUST-0832,User 832,Pune,436,59048.7,False
CUST-0833,User 833,Pune,1462,39789.06,True
CUST-0834,User 834,Delhi,795,84088.66,False
CUST-0835,User 835,Bengaluru,1205,40861.51,False
CUST-0836,User 836,Pune,127,18781.52,True
CUST-0837,User 837,Kolkata,1367,70445.65,True
CUST-0838,User 838,Chennai,895,77490.22,True
CUST-0839,User 839,Kolkata,1330,33325.77,True
CUST-0840,User 840,Kolkata,1130,40434.79,True
CUST-0841,User 841,Bengaluru,649,9860.81,True
CUST-0842,User 842,Hyderabad,325,67824.56,True
CUST-0843,User 843,Pune,1372,63411.5,True
CUST-0844,User 844,Pune,86,99234.09,False
CUST-0845,User 845,Chennai,815,7439.33,True
CUST-0846,User 846,Chennai,89,90050.35,True
CUST-0847,User 847,Kolkata,775,49898.47,False
CUST-0848,User 848,Hyderabad,410,46512.42,True
CUST-0849,User 849,Kolkata,348,1521.93,True
CUST-0850,User 850,Delhi,45,63144.01,True
CUST-0851,User 851,Pune,1207,93307.69,False
CUST-0852,User 852,Hyderabad,58,77554.95,True
CUST-0853,User 853,Chennai,639,39714.08,True
CUST-0854,User 854,Delhi,88,87852.22,True
CUST-0855,User 855,Kolkata,432,4469.21,False
CUST-0856,User 856,Chennai,1227,33227.11,True
CUST-0857,User 857,Pune,1020,17435.81,False
CUST-0858,User 858,Chennai,976,58970.45,False
CUST-0859,User 859,Delhi,1305,21597.78,True
CUST-0860,User 860,Delhi,281,2898.09,True
CUST-0861,User 861,Kolkata,1454,15732.74,True
CUST-0862,User 862,Hyderabad,869,37883.58,False
CUST-0863,User 863,Pune,1255,43105.21,True
CUST-0864,User 864,Pune,335,92671.89,False
CUST-0865,User 865,Kolkata,1043,8637.16,False
CUST-0866,User 866,Pune,1114,24320.15,False
CUST-0867,User 867,Mumbai,784,83069.02,False
CUST-0868,User 868,Kolkata,185,22415.01,True
CUST-0869,User 869,Mumbai,1050,17312.49,True
CUST-0870,User 870,Chennai,780,51025.65,True
CUST-0871,User 871,Mumbai,198,64024.28,True
CUST-0872,User 872,Hyderabad,380,19204.96,False
CUST-0873,User 873,Delhi,41,25416.41,False
CUST-0874,User 874,Bengaluru,790,49543.73,True
CUST-0875,User 875,Kolkata,983,11458.78,True
CUST-0876,User 876,Pune,1428,89904.29,True
CUST-0877,User 877,Chennai,248,57973.41,True
CUST-0878,User 878,Mumbai,1352,4503.03,False
CUST-0879,User 879,Bengaluru,450,13962.69,False
CUST-0880,User 880,Mumbai,667,1828.49,True
CUST-0881,User 881,Kolkata,946,70124.65,False
CUST-0882,User 882,Kolkata,1078,34437.65,False
CUST-0883,User 883,Bengaluru,1089,18335.3,True
CUST-0884,User 884,Mumbai,367,80510.48,True
CUST-0885,User 885,Pune,567,47632.02,True
CUST-0886,User 886,Delhi,275,73416.73,False
CUST-0887,User 887,Chennai,1197,96230.69,False
CUST-0888,User 888,Mumbai,891,57482.06,True
CUST-0889,User 889,Mumbai,1416,39110.07,True
CUST-0890,User 890,Mumbai,756,12838.53,True
CUST-0891,User 891,Pune,352,98900.79,True
CUST-0892,User 892,Mumbai,1100,72520.1,False
CUST-0893,User 893,Bengaluru,1205,3358.32,True
CUST-0894,User 894,Chennai,755,48843.99,False
CUST-0895,User 895,Kolkata,1223,54470.68,False
CUST-0896,User 896,Chennai,786,24063.84,False
CUST-0897,User 897,Hyderabad,324,70752.82,False
CUST-0898,User 898,Hyderabad,121,11016.7,True
CUST-0899,User 899,Delhi,1205,13547.72,False
CUST-0900,User 900,Bengaluru,97,34779.31,False
CUST-0901,User 901,Mumbai,606,49012.07,False
CUST-0902,User 902,Chennai,1499,88862.73,False
CUST-0903,User 903,Mumbai,1445,22271.1,False
CUST-0904,User 904,Kolkata,1393,88526.58,False
CUST-0905,User 905,Pune,859,86010.14,False
CUST-0906,User 906,Kolkata,997,46931.65,True
CUST-0907,User 907,Pune,971,84376.49,False
CUST-0908,User 908,Delhi,442,58667.18,False
CUST-0909,User 909,Mumbai,1019,17191.09,False
CUST-0910,User 910,Delhi,760,70179.3,True
CUST-0911,User 911,Bengaluru,114,71111.58,True
CUST-0912,User 912,Delhi,681,2201.58,True
CUST-0913,User 913,Chennai,1067,23125.53,False
CUST-0914,User 914,Bengaluru,1290,21820.37,True
CUST-0915,User 915,Bengaluru,39,91169.15,False
CUST-0916,User 916,Bengaluru,976,38332.12,True
CUST-0917,User 917,Kolkata,13,86497.86,True
CUST-0918,User 918,Chennai,117,93556.23,True
CUST-0919,User 919,Hyderabad,249,73288.44,False
CUST-0920,User 920,Delhi,917,14258.72,True
CUST-0921,User 921,Chennai,1437,90434.5,True
CUST-0922,User 922,Chennai,357,28771.0,False
CUST-0923,User 923,Chennai,1499,97045.63,True
CUST-0924,User 924,Mumbai,946,67013.89,True
CUST-0925,User 925,Delhi,357,57967.65,True
CUST-0926,User 926,Chennai,779,92694.66,True
CUST-0927,User 927,Bengaluru,1298,92934.34,True
CUST-0928,User 928,Pune,162,97224.01,False
CUST-0929,User 929,Delhi,1205,65904.98,False
CUST-0930,User 930,Delhi,1467,39934.23,False
CUST-0931,User 931,Bengaluru,346,56998.84,True
CUST-0932,User 932,Bengaluru,730,90679.07,True
CUST-0933,User 933,Bengaluru,347,73682.68,True
CUST-0934,User 934,Kolkata,379,69490.05,True
CUST-0935,User 935,Hyderabad,685,43623.75,False
CUST-0936,User 936,Mumbai,1108,24198.27,False
CUST-0937,User 937,Delhi,525,12716.47,True
CUST-0938,User 938,Chennai,384,36104.68,False
CUST-0939,User 939,Pune,1321,76184.35,False
CUST-0940,User 940,Pune,1124,93359.43,True
CUST-0941,User 941,Mumbai,1445,61329.45,True
CUST-0942,User 942,Chennai,381,3649.12,False
CUST-0943,User 943,Hyderabad,1205,33682.43,False
CUST-0944,User 944,Hyderabad,1171,11307.2,False
CUST-0945,User 945,Pune,923,37721.67,False
CUST-0946,User 946,Chennai,1331,29130.03,True
CUST-0947,User 947,Mumbai,972,99362.65,False
CUST-0948,User 948,Bengaluru,804,39271.27,True
CUST-0949,User 949,Hyderabad,704,16719.29,False
CUST-0950,User 950,Bengaluru,626,13445.97,True
CUST-0951,User 951,Chennai,190,92828.65,True
CUST-0952,User 952,Kolkata,1160,64254.66,False
CUST-0953,User 953,Mumbai,698,79421.88,True
CUST-0954,User 954,Kolkata,473,56322.9,False
CUST-0955,User 955,Chennai,791,22213.88,True
CUST-0956,User 956,Mumbai,1156,1980.97,False
CUST-0957,User 957,Pune,216,59912.32,False
CUST-0958,User 958,Mumbai,1152,43844.51,False
CUST-0959,User 959,Delhi,381,66623.75,True
CUST-0960,User 960,Mumbai,470,37924.11,False
CUST-0961,User 961,Chennai,449,19031.96,True
CUST-0962,User 962,Mumbai,738,29414.32,True
CUST-0963,User 963,Kolkata,334,80293.53,False
CUST-0964,User 964,Chennai,853,10408.58,False
CUST-0965,User 965,Kolkata,251,95271.85,True
CUST-0966,User 966,Mumbai,1163,37845.58,True
CUST-0967,User 967,Pune,1128,98666.85,True
CUST-0968,User 968,Chennai,1306,62390.97,True
CUST-0969,User 969,Mumbai,749,18530.49,False
CUST-0970,User 970,Mumbai,128,22896.92,True
CUST-0971,User 971,Chennai,931,15960.88,True
CUST-0972,User 972,Kolkata,1420,34406.51,False
CUST-0973,User 973,Mumbai,984,10457.05,False
CUST-0974,User 974,Hyderabad,1001,10719.96,False
CUST-0975,User 975,Kolkata,674,51747.79,False
CUST-0976,User 976,Hyderabad,1368,68320.99,False
CUST-0977,User 977,Kolkata,612,7461.46,False
CUST-0978,User 978,Mumbai,565,59687.53,False
CUST-0979,User 979,Hyderabad,807,26077.37,False
CUST-0980,User 980,Pune,1213,31319.82,True
CUST-0981,User 981,Bengaluru,106,23589.04,False
CUST-0982,User 982,Mumbai,1404,98936.09,True
CUST-0983,User 983,Chennai,1267,59833.75,True
CUST-0984,User 984,Pune,622,59327.33,False
CUST-0985,User 985,Pune,787,5296.06,False
CUST-0986,User 986,Mumbai,1120,90737.71,False
CUST-0987,User 987,Hyderabad,1056,42812.67,True
CUST-0988,User 988,Delhi,727,2317.62,True
CUST-0989,User 989,Hyderabad,79,46594.42,True
CUST-0990,User 990,Delhi,295,52719.32,False
CUST-0991,User 991,Mumbai,1344,98036.3,True
CUST-0992,User 992,Mumbai,218,56102.05,True
CUST-0993,User 993,Hyderabad,178,88470.66,True
CUST-0994,User 994,Mumbai,1062,39319.28,False
CUST-0995,User 995,Delhi,222,72946.48,True
CUST-0996,User 996,Pune,826,15042.31,True
CUST-0997,User 997,Mumbai,797,4856.47,False
CUST-0998,User 998,Bengaluru,1437,8539.82,False
CUST-0999,User 999,Pune,955,73282.13,False
CUST-1000,User 1000,Hyderabad,933,62560.88,False
