action_id,return_id,decision,estimated_recovery_inr,confidence_score
REC-RTN-0001,RTN-0001,LIQUIDATE,1789.2,0.93
REC-RTN-0002,RTN-0002,LIQUIDATE,709.2,0.92
REC-RTN-0003,RTN-0003,DESTROY,0.0,0.92
REC-RTN-0004,RTN-0004,RESELL,1435.2,0.82
REC-RTN-0005,RTN-0005,RESELL,378.0,0.88
REC-RTN-0006,RTN-0006,LIQUIDATE,1349.6,0.87
REC-RTN-0007,RTN-0007,RESELL,426.4,0.84
REC-RTN-0008,RTN-0008,RESELL,147.6,0.87
REC-RTN-0009,RTN-0009,RESELL,1144.8,0.86
REC-RTN-0010,RTN-0010,RESELL,309.2,0.81
REC-RTN-0011,RTN-0011,RESELL,1372.4,0.88
REC-RTN-0012,RTN-0012,RESELL,342.0,0.83
REC-RTN-0013,RTN-0013,DESTROY,0.0,0.86
REC-RTN-0014,RTN-0014,RESELL,1129.2,0.8
REC-RTN-0015,RTN-0015,DESTROY,0.0,0.94
REC-RTN-0016,RTN-0016,RESELL,192.8,0.85
REC-RTN-0017,RTN-0017,DESTROY,0.0,0.82
REC-RTN-0018,RTN-0018,LIQUIDATE,1208.0,0.88
REC-RTN-0019,RTN-0019,RESELL,1535.6,0.81
REC-RTN-0020,RTN-0020,LIQUIDATE,1022.8,0.83
REC-RTN-0021,RTN-0021,RESELL,455.2,0.84
REC-RTN-0022,RTN-0022,RESELL,1876.0,0.93
REC-RTN-0023,RTN-0023,RESELL,182.4,0.92
REC-RTN-0024,RTN-0024,LIQUIDATE,182.8,0.85
REC-RTN-0025,RTN-0025,RESELL,1228.4,0.86
REC-RTN-0026,RTN-0026,LIQUIDATE,1018.4,0.87
REC-RTN-0027,RTN-0027,RESELL,1312.8,0.94
REC-RTN-0028,RTN-0028,DESTROY,0.0,0.94
REC-RTN-0029,RTN-0029,RESELL,1655.2,0.82
REC-RTN-0030,RTN-0030,DESTROY,0.0,0.94
REC-RTN-0031,RTN-0031,LIQUIDATE,1208.0,0.8
REC-RTN-0032,RTN-0032,LIQUIDATE,1847.2,0.82
REC-RTN-0033,RTN-0033,RESELL,1828.4,0.82
REC-RTN-0034,RTN-0034,RESELL,441.2,0.87
REC-RTN-0035,RTN-0035,DESTROY,0.0,0.91
REC-RTN-0036,RTN-0036,RESELL,378.4,0.8
REC-RTN-0037,RTN-0037,LIQUIDATE,218.4,0.86
REC-RTN-0038,RTN-0038,RESELL,1883.2,0.91
REC-RTN-0039,RTN-0039,RESELL,170.4,0.85
REC-RTN-0040,RTN-0040,LIQUIDATE,1552.8,0.88
REC-RTN-0041,RTN-0041,RESELL,554.8,0.83
REC-RTN-0042,RTN-0042,RESELL,250.4,0.95
REC-RTN-0043,RTN-0043,RESELL,759.6,0.88
REC-RTN-0044,RTN-0044,RESELL,179.2,0.84
REC-RTN-0045,RTN-0045,LIQUIDATE,750.4,0.82
REC-RTN-0046,RTN-0046,RESELL,309.2,0.93
REC-RTN-0047,RTN-0047,LIQUIDATE,1500.4,0.89
REC-RTN-0048,RTN-0048,DESTROY,0.0,0.87
REC-RTN-0049,RTN-0049,LIQUIDATE,946.8,0.85
REC-RTN-0050,RTN-0050,RESELL,646.4,0.9
REC-RTN-0051,RTN-0051,LIQUIDATE,563.6,0.87
REC-RTN-0052,RTN-0052,RESELL,635.2,0.88
REC-RTN-0053,RTN-0053,DESTROY,0.0,0.93
REC-RTN-0054,RTN-0054,LIQUIDATE,672.8,0.84
REC-RTN-0055,RTN-0055,RESELL,1996.0,0.9
REC-RTN-0056,RTN-0056,RESELL,952.8,0.83
REC-RTN-0057,RTN-0057,RESELL,1186.8,0.92
REC-RTN-0058,RTN-0058,RESELL,1811.6,0.89
REC-RTN-0059,RTN-0059,RESELL,1552.8,0.87
REC-RTN-0060,RTN-0060,DESTROY,0.0,0.84
REC-RTN-0061,RTN-0061,LIQUIDATE,1434.8,0.95
REC-RTN-0062,RTN-0062,RESELL,1138.0,0.95
REC-RTN-0063,RTN-0063,RESELL,601.6,0.93
REC-RTN-0064,RTN-0064,LIQUIDATE,241.6,0.83
REC-RTN-0065,RTN-0065,LIQUIDATE,1529.2,0.83
REC-RTN-0066,RTN-0066,RESELL,384.8,0.9
REC-RTN-0067,RTN-0067,RESELL,503.6,0.88
REC-RTN-0068,RTN-0068,RESELL,1799.2,0.82
REC-RTN-0069,RTN-0069,LIQUIDATE,303.2,0.88
REC-RTN-0070,RTN-0070,DESTROY,0.0,0.87
REC-RTN-0071,RTN-0071,RESELL,203.6,0.91
REC-RTN-0072,RTN-0072,LIQUIDATE,1634.0,0.9
REC-RTN-0073,RTN-0073,DESTROY,0.0,0.82
REC-RTN-0074,RTN-0074,RESELL,234.4,0.91
REC-RTN-0075,RTN-0075,LIQUIDATE,168.0,0.88
REC-RTN-0076,RTN-0076,RESELL,1804.8,0.88
REC-RTN-0077,RTN-0077,RESELL,195.2,0.88
REC-RTN-0078,RTN-0078,RESELL,371.6,0.87
REC-RTN-0079,RTN-0079,LIQUIDATE,1506.4,0.81
REC-RTN-0080,RTN-0080,DESTROY,0.0,0.86
REC-RTN-0081,RTN-0081,LIQUIDATE,1552.8,0.81
REC-RTN-0082,RTN-0082,RESELL,574.4,0.84
REC-RTN-0083,RTN-0083,LIQUIDATE,1725.6,0.93
REC-RTN-0084,RTN-0084,RESELL,604.8,0.81
REC-RTN-0085,RTN-0085,DESTROY,0.0,0.87
REC-RTN-0086,RTN-0086,DESTROY,0.0,0.84
REC-RTN-0087,RTN-0087,RESELL,868.8,0.94
REC-RTN-0088,RTN-0088,DESTROY,0.0,0.95
REC-RTN-0089,RTN-0089,RESELL,1010.0,0.8
REC-RTN-0090,RTN-0090,RESELL,393.6,0.84
REC-RTN-0091,RTN-0091,RESELL,305.6,0.87
REC-RTN-0092,RTN-0092,LIQUIDATE,1686.4,0.82
REC-RTN-0093,RTN-0093,RESELL,1598.8,0.82
REC-RTN-0094,RTN-0094,DESTROY,0.0,0.82
REC-RTN-0095,RTN-0095,LIQUIDATE,1142.0,0.84
REC-RTN-0096,RTN-0096,LIQUIDATE,842.4,0.82
REC-RTN-0097,RTN-0097,LIQUIDATE,1002.4,0.84
REC-RTN-0098,RTN-0098,RESELL,414.4,0.9
REC-RTN-0099,RTN-0099,DESTROY,0.0,0.81
REC-RTN-0100,RTN-0100,RESELL,793.2,0.91
REC-RTN-0101,RTN-0101,RESELL,1355.6,0.82
REC-RTN-0102,RTN-0102,RESELL,187.2,0.88
REC-RTN-0103,RTN-0103,LIQUIDATE,1870.0,0.8
REC-RTN-0104,RTN-0104,RESELL,545.6,0.95
REC-RTN-0105,RTN-0105,RESELL,1782.8,0.83
REC-RTN-0106,RTN-0106,LIQUIDATE,814.0,0.81
REC-RTN-0107,RTN-0107,RESELL,942.8,0.94
REC-RTN-0108,RTN-0108,LIQUIDATE,724.4,0.92
REC-RTN-0109,RTN-0109,RESELL,1833.6,0.81
REC-RTN-0110,RTN-0110,RESELL,210.4,0.81
REC-RTN-0111,RTN-0111,LIQUIDATE,1177.6,0.89
REC-RTN-0112,RTN-0112,LIQUIDATE,170.4,0.86
REC-RTN-0113,RTN-0113,DESTROY,0.0,0.85
REC-RTN-0114,RTN-0114,LIQUIDATE,207.2,0.89
REC-RTN-0115,RTN-0115,LIQUIDATE,664.8,0.91
REC-RTN-0116,RTN-0116,RESELL,352.4,0.86
REC-RTN-0117,RTN-0117,RESELL,1270.4,0.89
REC-RTN-0118,RTN-0118,RESELL,672.8,0.85
REC-RTN-0119,RTN-0119,RESELL,1768.4,0.8
REC-RTN-0120,RTN-0120,LIQUIDATE,1260.8,0.92
REC-RTN-0121,RTN-0121,RESELL,254.4,0.93
REC-RTN-0122,RTN-0122,RESELL,1742.8,0.9
REC-RTN-0123,RTN-0123,LIQUIDATE,1500.4,0.91
REC-RTN-0124,RTN-0124,RESELL,1504.0,0.83
REC-RTN-0125,RTN-0125,DESTROY,0.0,0.89
REC-RTN-0126,RTN-0126,RESELL,1094.4,0.92
REC-RTN-0127,RTN-0127,LIQUIDATE,1016.0,0.85
REC-RTN-0128,RTN-0128,LIQUIDATE,530.8,0.9
REC-RTN-0129,RTN-0129,RESELL,679.2,0.87
REC-RTN-0130,RTN-0130,DESTROY,0.0,0.9
REC-RTN-0131,RTN-0131,LIQUIDATE,188.4,0.88
REC-RTN-0132,RTN-0132,RESELL,1768.4,0.86
REC-RTN-0133,RTN-0133,LIQUIDATE,888.0,0.85
REC-RTN-0134,RTN-0134,LIQUIDATE,159.2,0.82
REC-RTN-0135,RTN-0135,DESTROY,0.0,0.9
REC-RTN-0136,RTN-0136,RESELL,1282.8,0.9
REC-RTN-0137,RTN-0137,RESELL,170.4,0.92
REC-RTN-0138,RTN-0138,LIQUIDATE,797.2,0.93
REC-RTN-0139,RTN-0139,LIQUIDATE,864.4,0.83
REC-RTN-0140,RTN-0140,RESELL,854.4,0.89
REC-RTN-0141,RTN-0141,RESELL,608.0,0.81
REC-RTN-0142,RTN-0142,RESELL,813.6,0.84
REC-RTN-0143,RTN-0143,LIQUIDATE,1484.4,0.81
REC-RTN-0144,RTN-0144,LIQUIDATE,306.0,0.86
REC-RTN-0145,RTN-0145,DESTROY,0.0,0.83
REC-RTN-0146,RTN-0146,LIQUIDATE,1687.6,0.84
REC-RTN-0147,RTN-0147,DESTROY,0.0,0.87
REC-RTN-0148,RTN-0148,LIQUIDATE,688.0,0.83
REC-RTN-0149,RTN-0149,LIQUIDATE,318.0,0.9
REC-RTN-0150,RTN-0150,DESTROY,0.0,0.83
REC-RTN-0151,RTN-0151,RESELL,1239.6,0.8
REC-RTN-0152,RTN-0152,DESTROY,0.0,0.8
REC-RTN-0153,RTN-0153,RESELL,1407.6,0.9
REC-RTN-0154,RTN-0154,LIQUIDATE,318.8,0.91
REC-RTN-0155,RTN-0155,RESELL,1999.6,0.92
REC-RTN-0156,RTN-0156,RESELL,1874.8,0.9
REC-RTN-0157,RTN-0157,LIQUIDATE,1028.8,0.91
REC-RTN-0158,RTN-0158,RESELL,639.6,0.95
REC-RTN-0159,RTN-0159,RESELL,855.6,0.93
REC-RTN-0160,RTN-0160,RESELL,393.6,0.88
REC-RTN-0161,RTN-0161,LIQUIDATE,739.6,0.89
REC-RTN-0162,RTN-0162,RESELL,1740.0,0.91
REC-RTN-0163,RTN-0163,LIQUIDATE,1306.0,0.89
REC-RTN-0164,RTN-0164,DESTROY,0.0,0.9
REC-RTN-0165,RTN-0165,LIQUIDATE,746.8,0.81
REC-RTN-0166,RTN-0166,DESTROY,0.0,0.85
REC-RTN-0167,RTN-0167,RESELL,769.6,0.89
REC-RTN-0168,RTN-0168,DESTROY,0.0,0.81
REC-RTN-0169,RTN-0169,LIQUIDATE,893.2,0.85
REC-RTN-0170,RTN-0170,RESELL,1037.2,0.92
REC-RTN-0171,RTN-0171,RESELL,1884.8,0.88
REC-RTN-0172,RTN-0172,RESELL,1948.0,0.85
REC-RTN-0173,RTN-0173,DESTROY,0.0,0.95
REC-RTN-0174,RTN-0174,DESTROY,0.0,0.85
REC-RTN-0175,RTN-0175,DESTROY,0.0,0.84
REC-RTN-0176,RTN-0176,LIQUIDATE,1349.6,0.94
REC-RTN-0177,RTN-0177,LIQUIDATE,196.4,0.82
REC-RTN-0178,RTN-0178,LIQUIDATE,1795.2,0.93
REC-RTN-0179,RTN-0179,DESTROY,0.0,0.92
REC-RTN-0180,RTN-0180,LIQUIDATE,342.0,0.94
REC-RTN-0181,RTN-0181,RESELL,282.8,0.82
REC-RTN-0182,RTN-0182,DESTROY,0.0,0.93
REC-RTN-0183,RTN-0183,RESELL,1387.2,0.86
REC-RTN-0184,RTN-0184,LIQUIDATE,213.6,0.89
REC-RTN-0185,RTN-0185,RESELL,1984.4,0.85
REC-RTN-0186,RTN-0186,LIQUIDATE,195.6,0.94
REC-RTN-0187,RTN-0187,RESELL,1240.4,0.86
REC-RTN-0188,RTN-0188,LIQUIDATE,1190.4,0.82
REC-RTN-0189,RTN-0189,LIQUIDATE,1387.6,0.92
REC-RTN-0190,RTN-0190,RESELL,1354.0,0.85
REC-RTN-0191,RTN-0191,DESTROY,0.0,0.94
REC-RTN-0192,RTN-0192,RESELL,449.6,0.85
REC-RTN-0193,RTN-0193,RESELL,893.2,0.87
REC-RTN-0194,RTN-0194,RESELL,378.0,0.81
REC-RTN-0195,RTN-0195,RESELL,1968.4,0.93
REC-RTN-0196,RTN-0196,LIQUIDATE,1795.2,0.81
REC-RTN-0197,RTN-0197,LIQUIDATE,188.4,0.86
REC-RTN-0198,RTN-0198,DESTROY,0.0,0.81
REC-RTN-0199,RTN-0199,DESTROY,0.0,0.86
REC-RTN-0200,RTN-0200,LIQUIDATE,809.6,0.88
REC-RTN-0201,RTN-0201,RESELL,1066.0,0.94
REC-RTN-0202,RTN-0202,LIQUIDATE,793.2,0.84
REC-RTN-0203,RTN-0203,LIQUIDATE,854.4,0.81
REC-RTN-0204,RTN-0204,RESELL,790.4,0.85
REC-RTN-0205,RTN-0205,RESELL,1603.6,0.87
REC-RTN-0206,RTN-0206,LIQUIDATE,1795.2,0.93
REC-RTN-0207,RTN-0207,DESTROY,0.0,0.88
REC-RTN-0208,RTN-0208,DESTROY,0.0,0.91
REC-RTN-0209,RTN-0209,LIQUIDATE,1636.4,0.87
REC-RTN-0210,RTN-0210,LIQUIDATE,951.2,0.86
REC-RTN-0211,RTN-0211,LIQUIDATE,571.6,0.93
REC-RTN-0212,RTN-0212,RESELL,1111.6,0.87
REC-RTN-0213,RTN-0213,RESELL,1733.6,0.93
REC-RTN-0214,RTN-0214,RESELL,378.4,0.86
REC-RTN-0215,RTN-0215,LIQUIDATE,1920.8,0.92
REC-RTN-0216,RTN-0216,LIQUIDATE,1724.8,0.88
REC-RTN-0217,RTN-0217,LIQUIDATE,571.6,0.85
REC-RTN-0218,RTN-0218,DESTROY,0.0,0.8
REC-RTN-0219,RTN-0219,RESELL,373.2,0.88
REC-RTN-0220,RTN-0220,DESTROY,0.0,0.86
REC-RTN-0221,RTN-0221,RESELL,275.2,0.95
REC-RTN-0222,RTN-0222,LIQUIDATE,882.4,0.82
REC-RTN-0223,RTN-0223,RESELL,893.2,0.88
REC-RTN-0224,RTN-0224,RESELL,1504.0,0.93
REC-RTN-0225,RTN-0225,RESELL,420.0,0.91
REC-RTN-0226,RTN-0226,LIQUIDATE,318.0,0.83
REC-RTN-0227,RTN-0227,RESELL,182.4,0.85
REC-RTN-0228,RTN-0228,LIQUIDATE,1510.0,0.86
REC-RTN-0229,RTN-0229,LIQUIDATE,1652.0,0.89
REC-RTN-0230,RTN-0230,LIQUIDATE,833.6,0.87
REC-RTN-0231,RTN-0231,RESELL,420.0,0.92
REC-RTN-0232,RTN-0232,RESELL,458.4,0.81
REC-RTN-0233,RTN-0233,LIQUIDATE,1884.8,0.84
REC-RTN-0234,RTN-0234,LIQUIDATE,951.2,0.84
REC-RTN-0235,RTN-0235,DESTROY,0.0,0.95
REC-RTN-0236,RTN-0236,RESELL,1755.2,0.82
REC-RTN-0237,RTN-0237,LIQUIDATE,1744.4,0.87
REC-RTN-0238,RTN-0238,LIQUIDATE,609.2,0.84
REC-RTN-0239,RTN-0239,RESELL,819.6,0.9
REC-RTN-0240,RTN-0240,DESTROY,0.0,0.93
REC-RTN-0241,RTN-0241,LIQUIDATE,1844.0,0.86
REC-RTN-0242,RTN-0242,RESELL,1303.2,0.92
REC-RTN-0243,RTN-0243,DESTROY,0.0,0.94
REC-RTN-0244,RTN-0244,RESELL,472.4,0.94
REC-RTN-0245,RTN-0245,RESELL,1999.6,0.88
REC-RTN-0246,RTN-0246,RESELL,1040.4,0.8
REC-RTN-0247,RTN-0247,RESELL,1460.4,0.88
REC-RTN-0248,RTN-0248,RESELL,655.6,0.88
REC-RTN-0249,RTN-0249,RESELL,1102.8,0.93
REC-RTN-0250,RTN-0250,LIQUIDATE,977.6,0.89
REC-RTN-0251,RTN-0251,LIQUIDATE,1619.2,0.93
REC-RTN-0252,RTN-0252,LIQUIDATE,233.6,0.91
REC-RTN-0253,RTN-0253,RESELL,534.4,0.92
REC-RTN-0254,RTN-0254,RESELL,534.4,0.92
REC-RTN-0255,RTN-0255,LIQUIDATE,646.4,0.91
REC-RTN-0256,RTN-0256,RESELL,438.0,0.9
REC-RTN-0257,RTN-0257,RESELL,653.2,0.83
REC-RTN-0258,RTN-0258,LIQUIDATE,1089.2,0.92
REC-RTN-0259,RTN-0259,LIQUIDATE,1875.6,0.91
REC-RTN-0260,RTN-0260,LIQUIDATE,188.4,0.84
REC-RTN-0261,RTN-0261,LIQUIDATE,862.4,0.89
REC-RTN-0262,RTN-0262,RESELL,345.6,0.91
REC-RTN-0263,RTN-0263,LIQUIDATE,518.8,0.84
REC-RTN-0264,RTN-0264,RESELL,305.6,0.89
REC-RTN-0265,RTN-0265,LIQUIDATE,1475.6,0.88
REC-RTN-0266,RTN-0266,LIQUIDATE,1187.2,0.82
REC-RTN-0267,RTN-0267,RESELL,1803.6,0.9
REC-RTN-0268,RTN-0268,RESELL,1341.6,0.91
REC-RTN-0269,RTN-0269,DESTROY,0.0,0.84
REC-RTN-0270,RTN-0270,LIQUIDATE,1995.6,0.88
REC-RTN-0271,RTN-0271,LIQUIDATE,1172.8,0.86
REC-RTN-0272,RTN-0272,LIQUIDATE,1448.4,0.88
REC-RTN-0273,RTN-0273,RESELL,550.8,0.9
REC-RTN-0274,RTN-0274,RESELL,1591.2,0.95
REC-RTN-0275,RTN-0275,RESELL,171.2,0.87
REC-RTN-0276,RTN-0276,RESELL,938.8,0.91
REC-RTN-0277,RTN-0277,RESELL,1083.2,0.86
REC-RTN-0278,RTN-0278,LIQUIDATE,195.6,0.89
REC-RTN-0279,RTN-0279,RESELL,866.8,0.89
REC-RTN-0280,RTN-0280,DESTROY,0.0,0.8
REC-RTN-0281,RTN-0281,DESTROY,0.0,0.86
REC-RTN-0282,RTN-0282,LIQUIDATE,664.8,0.9
REC-RTN-0283,RTN-0283,LIQUIDATE,279.2,0.81
REC-RTN-0284,RTN-0284,RESELL,590.8,0.82
REC-RTN-0285,RTN-0285,DESTROY,0.0,0.9
REC-RTN-0286,RTN-0286,RESELL,999.2,0.92
REC-RTN-0287,RTN-0287,RESELL,1842.4,0.93
REC-RTN-0288,RTN-0288,RESELL,232.8,0.83
REC-RTN-0289,RTN-0289,RESELL,1198.0,0.87
REC-RTN-0290,RTN-0290,LIQUIDATE,212.4,0.92
REC-RTN-0291,RTN-0291,RESELL,745.6,0.92
REC-RTN-0292,RTN-0292,RESELL,590.0,0.86
REC-RTN-0293,RTN-0293,RESELL,750.4,0.86
REC-RTN-0294,RTN-0294,RESELL,1764.8,0.85
REC-RTN-0295,RTN-0295,RESELL,1022.8,0.92
REC-RTN-0296,RTN-0296,RESELL,862.8,0.95
REC-RTN-0297,RTN-0297,RESELL,375.2,0.93
REC-RTN-0298,RTN-0298,RESELL,1648.8,0.91
REC-RTN-0299,RTN-0299,RESELL,1333.2,0.84
REC-RTN-0300,RTN-0300,LIQUIDATE,1396.4,0.81
REC-RTN-0301,RTN-0301,LIQUIDATE,213.6,0.83
REC-RTN-0302,RTN-0302,RESELL,1322.8,0.8
REC-RTN-0303,RTN-0303,RESELL,1599.6,0.82
REC-RTN-0304,RTN-0304,DESTROY,0.0,0.9
REC-RTN-0305,RTN-0305,LIQUIDATE,1619.2,0.87
REC-RTN-0306,RTN-0306,LIQUIDATE,563.6,0.95
REC-RTN-0307,RTN-0307,LIQUIDATE,814.0,0.81
REC-RTN-0308,RTN-0308,LIQUIDATE,1874.8,0.92
REC-RTN-0309,RTN-0309,LIQUIDATE,1873.2,0.9
REC-RTN-0310,RTN-0310,RESELL,1728.8,0.83
REC-RTN-0311,RTN-0311,LIQUIDATE,1921.2,0.9
REC-RTN-0312,RTN-0312,LIQUIDATE,601.6,0.85
REC-RTN-0313,RTN-0313,LIQUIDATE,833.6,0.94
REC-RTN-0314,RTN-0314,RESELL,1649.6,0.86
REC-RTN-0315,RTN-0315,RESELL,203.6,0.94
REC-RTN-0316,RTN-0316,RESELL,1133.2,0.95
REC-RTN-0317,RTN-0317,RESELL,482.0,0.89
REC-RTN-0318,RTN-0318,LIQUIDATE,1506.4,0.89
REC-RTN-0319,RTN-0319,RESELL,370.4,0.82
REC-RTN-0320,RTN-0320,RESELL,1367.2,0.81
REC-RTN-0321,RTN-0321,RESELL,1812.8,0.8
REC-RTN-0322,RTN-0322,RESELL,1921.2,0.83
REC-RTN-0323,RTN-0323,RESELL,424.8,0.83
REC-RTN-0324,RTN-0324,DESTROY,0.0,0.81
REC-RTN-0325,RTN-0325,RESELL,642.8,0.94
REC-RTN-0326,RTN-0326,RESELL,628.0,0.85
REC-RTN-0327,RTN-0327,LIQUIDATE,441.2,0.87
REC-RTN-0328,RTN-0328,LIQUIDATE,842.4,0.89
REC-RTN-0329,RTN-0329,DESTROY,0.0,0.95
REC-RTN-0330,RTN-0330,LIQUIDATE,1460.4,0.9
REC-RTN-0331,RTN-0331,LIQUIDATE,1998.0,0.86
REC-RTN-0332,RTN-0332,RESELL,182.8,0.93
REC-RTN-0333,RTN-0333,LIQUIDATE,1135.6,0.9
REC-RTN-0334,RTN-0334,LIQUIDATE,842.4,0.82
REC-RTN-0335,RTN-0335,LIQUIDATE,571.6,0.95
REC-RTN-0336,RTN-0336,RESELL,1234.4,0.92
REC-RTN-0337,RTN-0337,RESELL,1940.4,0.85
REC-RTN-0338,RTN-0338,LIQUIDATE,590.8,0.89
REC-RTN-0339,RTN-0339,DESTROY,0.0,0.94
REC-RTN-0340,RTN-0340,RESELL,1825.2,0.86
REC-RTN-0341,RTN-0341,DESTROY,0.0,0.91
REC-RTN-0342,RTN-0342,RESELL,1715.6,0.84
REC-RTN-0343,RTN-0343,RESELL,944.4,0.81
REC-RTN-0344,RTN-0344,DESTROY,0.0,0.86
REC-RTN-0345,RTN-0345,LIQUIDATE,646.0,0.86
REC-RTN-0346,RTN-0346,RESELL,1108.0,0.89
REC-RTN-0347,RTN-0347,DESTROY,0.0,0.94
REC-RTN-0348,RTN-0348,LIQUIDATE,1539.6,0.93
REC-RTN-0349,RTN-0349,RESELL,806.4,0.92
REC-RTN-0350,RTN-0350,LIQUIDATE,1708.8,0.9
REC-RTN-0351,RTN-0351,LIQUIDATE,1842.0,0.92
REC-RTN-0352,RTN-0352,LIQUIDATE,425.2,0.89
REC-RTN-0353,RTN-0353,RESELL,635.2,0.92
REC-RTN-0354,RTN-0354,RESELL,1188.4,0.88
REC-RTN-0355,RTN-0355,RESELL,797.6,0.91
REC-RTN-0356,RTN-0356,LIQUIDATE,1873.2,0.91
REC-RTN-0357,RTN-0357,RESELL,1144.0,0.85
REC-RTN-0358,RTN-0358,DESTROY,0.0,0.91
REC-RTN-0359,RTN-0359,DESTROY,0.0,0.86
REC-RTN-0360,RTN-0360,DESTROY,0.0,0.87
REC-RTN-0361,RTN-0361,RESELL,268.0,0.92
REC-RTN-0362,RTN-0362,RESELL,534.0,0.9
REC-RTN-0363,RTN-0363,LIQUIDATE,818.0,0.93
REC-RTN-0364,RTN-0364,RESELL,545.6,0.92
REC-RTN-0365,RTN-0365,RESELL,1138.0,0.81
REC-RTN-0366,RTN-0366,RESELL,254.8,0.81
REC-RTN-0367,RTN-0367,RESELL,179.2,0.94
REC-RTN-0368,RTN-0368,DESTROY,0.0,0.92
REC-RTN-0369,RTN-0369,DESTROY,0.0,0.82
REC-RTN-0370,RTN-0370,LIQUIDATE,1588.4,0.81
REC-RTN-0371,RTN-0371,LIQUIDATE,864.4,0.83
REC-RTN-0372,RTN-0372,RESELL,913.6,0.85
REC-RTN-0373,RTN-0373,LIQUIDATE,1958.8,0.9
REC-RTN-0374,RTN-0374,RESELL,639.6,0.87
REC-RTN-0375,RTN-0375,RESELL,1455.6,0.9
REC-RTN-0376,RTN-0376,RESELL,1462.8,0.89
REC-RTN-0377,RTN-0377,RESELL,1151.2,0.84
REC-RTN-0378,RTN-0378,RESELL,506.8,0.87
REC-RTN-0379,RTN-0379,LIQUIDATE,1332.0,0.89
REC-RTN-0380,RTN-0380,LIQUIDATE,773.2,0.81
REC-RTN-0381,RTN-0381,RESELL,1316.0,0.86
REC-RTN-0382,RTN-0382,RESELL,954.8,0.86
REC-RTN-0383,RTN-0383,LIQUIDATE,1710.4,0.87
REC-RTN-0384,RTN-0384,RESELL,1105.2,0.86
REC-RTN-0385,RTN-0385,DESTROY,0.0,0.9
REC-RTN-0386,RTN-0386,LIQUIDATE,1828.4,0.9
REC-RTN-0387,RTN-0387,LIQUIDATE,1205.6,0.83
REC-RTN-0388,RTN-0388,DESTROY,0.0,0.81
REC-RTN-0389,RTN-0389,LIQUIDATE,833.6,0.86
REC-RTN-0390,RTN-0390,RESELL,1590.4,0.89
REC-RTN-0391,RTN-0391,RESELL,1616.8,0.93
REC-RTN-0392,RTN-0392,LIQUIDATE,1334.0,0.89
REC-RTN-0393,RTN-0393,RESELL,1652.0,0.94
REC-RTN-0394,RTN-0394,RESELL,250.4,0.86
REC-RTN-0395,RTN-0395,LIQUIDATE,1828.4,0.81
REC-RTN-0396,RTN-0396,LIQUIDATE,1053.6,0.92
REC-RTN-0397,RTN-0397,RESELL,176.8,0.85
REC-RTN-0398,RTN-0398,RESELL,814.0,0.91
REC-RTN-0399,RTN-0399,LIQUIDATE,334.0,0.9
REC-RTN-0400,RTN-0400,RESELL,414.4,0.8
REC-RTN-0401,RTN-0401,LIQUIDATE,679.2,0.81
REC-RTN-0402,RTN-0402,RESELL,468.8,0.82
REC-RTN-0403,RTN-0403,DESTROY,0.0,0.88
REC-RTN-0404,RTN-0404,DESTROY,0.0,0.81
REC-RTN-0405,RTN-0405,RESELL,232.0,0.92
REC-RTN-0406,RTN-0406,LIQUIDATE,322.0,0.9
REC-RTN-0407,RTN-0407,RESELL,470.8,0.84
REC-RTN-0408,RTN-0408,RESELL,200.0,0.84
REC-RTN-0409,RTN-0409,LIQUIDATE,349.2,0.84
REC-RTN-0410,RTN-0410,LIQUIDATE,322.4,0.92
REC-RTN-0411,RTN-0411,LIQUIDATE,1506.4,0.81
REC-RTN-0412,RTN-0412,RESELL,443.2,0.88
REC-RTN-0413,RTN-0413,RESELL,1492.4,0.86
REC-RTN-0414,RTN-0414,RESELL,1028.8,0.85
REC-RTN-0415,RTN-0415,LIQUIDATE,241.6,0.81
REC-RTN-0416,RTN-0416,DESTROY,0.0,0.92
REC-RTN-0417,RTN-0417,LIQUIDATE,876.0,0.9
REC-RTN-0418,RTN-0418,RESELL,1842.4,0.9
REC-RTN-0419,RTN-0419,RESELL,494.8,0.86
REC-RTN-0420,RTN-0420,RESELL,250.0,0.86
REC-RTN-0421,RTN-0421,LIQUIDATE,1782.8,0.9
REC-RTN-0422,RTN-0422,LIQUIDATE,1459.2,0.83
REC-RTN-0423,RTN-0423,LIQUIDATE,488.0,0.93
REC-RTN-0424,RTN-0424,RESELL,358.8,0.83
REC-RTN-0425,RTN-0425,RESELL,1729.6,0.82
REC-RTN-0426,RTN-0426,DESTROY,0.0,0.84
REC-RTN-0427,RTN-0427,LIQUIDATE,1617.6,0.86
REC-RTN-0428,RTN-0428,RESELL,813.6,0.91
REC-RTN-0429,RTN-0429,LIQUIDATE,126.8,0.92
REC-RTN-0430,RTN-0430,RESELL,647.6,0.88
REC-RTN-0431,RTN-0431,RESELL,1284.0,0.83
REC-RTN-0432,RTN-0432,LIQUIDATE,759.6,0.91
REC-RTN-0433,RTN-0433,LIQUIDATE,1194.8,0.81
REC-RTN-0434,RTN-0434,DESTROY,0.0,0.86
REC-RTN-0435,RTN-0435,RESELL,1746.0,0.86
REC-RTN-0436,RTN-0436,RESELL,1266.8,0.85
REC-RTN-0437,RTN-0437,DESTROY,0.0,0.8
REC-RTN-0438,RTN-0438,DESTROY,0.0,0.8
REC-RTN-0439,RTN-0439,LIQUIDATE,590.8,0.85
REC-RTN-0440,RTN-0440,RESELL,1776.4,0.82
REC-RTN-0441,RTN-0441,DESTROY,0.0,0.81
REC-RTN-0442,RTN-0442,RESELL,349.2,0.93
REC-RTN-0443,RTN-0443,RESELL,401.2,0.88
REC-RTN-0444,RTN-0444,RESELL,640.0,0.81
REC-RTN-0445,RTN-0445,LIQUIDATE,1436.8,0.84
REC-RTN-0446,RTN-0446,LIQUIDATE,415.2,0.89
REC-RTN-0447,RTN-0447,LIQUIDATE,1752.8,0.94
REC-RTN-0448,RTN-0448,LIQUIDATE,1870.0,0.93
REC-RTN-0449,RTN-0449,RESELL,1340.4,0.82
REC-RTN-0450,RTN-0450,LIQUIDATE,337.6,0.86
REC-RTN-0451,RTN-0451,LIQUIDATE,175.6,0.82
REC-RTN-0452,RTN-0452,LIQUIDATE,750.4,0.92
REC-RTN-0453,RTN-0453,RESELL,1640.4,0.94
REC-RTN-0454,RTN-0454,LIQUIDATE,668.8,0.89
REC-RTN-0455,RTN-0455,LIQUIDATE,1828.4,0.83
REC-RTN-0456,RTN-0456,RESELL,207.2,0.9
REC-RTN-0457,RTN-0457,LIQUIDATE,1018.4,0.8
REC-RTN-0458,RTN-0458,DESTROY,0.0,0.9
REC-RTN-0459,RTN-0459,LIQUIDATE,1992.4,0.92
REC-RTN-0460,RTN-0460,DESTROY,0.0,0.82
REC-RTN-0461,RTN-0461,RESELL,1514.8,0.89
REC-RTN-0462,RTN-0462,RESELL,1958.8,0.94
REC-RTN-0463,RTN-0463,RESELL,233.2,0.88
REC-RTN-0464,RTN-0464,DESTROY,0.0,0.93
REC-RTN-0465,RTN-0465,RESELL,254.4,0.84
REC-RTN-0466,RTN-0466,RESELL,818.0,0.8
REC-RTN-0467,RTN-0467,LIQUIDATE,1937.2,0.91
REC-RTN-0468,RTN-0468,RESELL,1198.0,0.83
REC-RTN-0469,RTN-0469,LIQUIDATE,1624.0,0.88
REC-RTN-0470,RTN-0470,RESELL,776.0,0.92
REC-RTN-0471,RTN-0471,DESTROY,0.0,0.8
REC-RTN-0472,RTN-0472,RESELL,1153.6,0.85
REC-RTN-0473,RTN-0473,RESELL,1240.4,0.89
REC-RTN-0474,RTN-0474,LIQUIDATE,764.8,0.86
REC-RTN-0475,RTN-0475,RESELL,776.0,0.91
REC-RTN-0476,RTN-0476,DESTROY,0.0,0.81
REC-RTN-0477,RTN-0477,RESELL,1341.6,0.93
REC-RTN-0478,RTN-0478,RESELL,504.8,0.88
REC-RTN-0479,RTN-0479,RESELL,761.6,0.82
REC-RTN-0480,RTN-0480,LIQUIDATE,873.6,0.91
REC-RTN-0481,RTN-0481,RESELL,996.0,0.91
REC-RTN-0482,RTN-0482,LIQUIDATE,746.8,0.88
REC-RTN-0483,RTN-0483,LIQUIDATE,709.2,0.89
REC-RTN-0484,RTN-0484,RESELL,1367.2,0.85
REC-RTN-0485,RTN-0485,RESELL,1436.8,0.92
REC-RTN-0486,RTN-0486,RESELL,420.0,0.89
REC-RTN-0487,RTN-0487,DESTROY,0.0,0.95
REC-RTN-0488,RTN-0488,LIQUIDATE,1619.2,0.81
REC-RTN-0489,RTN-0489,RESELL,470.8,0.93
REC-RTN-0490,RTN-0490,LIQUIDATE,1163.6,0.92
REC-RTN-0491,RTN-0491,RESELL,228.4,0.82
REC-RTN-0492,RTN-0492,LIQUIDATE,818.0,0.88
REC-RTN-0493,RTN-0493,RESELL,1598.8,0.86
REC-RTN-0494,RTN-0494,LIQUIDATE,1130.0,0.85
REC-RTN-0495,RTN-0495,DESTROY,0.0,0.86
REC-RTN-0496,RTN-0496,DESTROY,0.0,0.91
REC-RTN-0497,RTN-0497,RESELL,1744.4,0.81
REC-RTN-0498,RTN-0498,RESELL,464.8,0.89
REC-RTN-0499,RTN-0499,RESELL,244.0,0.87
REC-RTN-0500,RTN-0500,RESELL,1753.2,0.95
REC-RTN-0501,RTN-0501,LIQUIDATE,951.2,0.86
REC-RTN-0502,RTN-0502,LIQUIDATE,632.0,0.84
REC-RTN-0503,RTN-0503,LIQUIDATE,1332.0,0.8
REC-RTN-0504,RTN-0504,LIQUIDATE,688.0,0.85
REC-RTN-0505,RTN-0505,RESELL,311.6,0.84
REC-RTN-0506,RTN-0506,LIQUIDATE,349.2,0.88
REC-RTN-0507,RTN-0507,RESELL,201.2,0.84
REC-RTN-0508,RTN-0508,RESELL,1105.2,0.94
REC-RTN-0509,RTN-0509,LIQUIDATE,1789.2,0.91
REC-RTN-0510,RTN-0510,DESTROY,0.0,0.82
REC-RTN-0511,RTN-0511,LIQUIDATE,1906.4,0.94
REC-RTN-0512,RTN-0512,RESELL,964.0,0.94
REC-RTN-0513,RTN-0513,RESELL,1253.2,0.9
REC-RTN-0514,RTN-0514,DESTROY,0.0,0.86
REC-RTN-0515,RTN-0515,RESELL,1591.2,0.9
REC-RTN-0516,RTN-0516,RESELL,1130.0,0.88
REC-RTN-0517,RTN-0517,LIQUIDATE,1724.8,0.82
REC-RTN-0518,RTN-0518,RESELL,1027.6,0.91
REC-RTN-0519,RTN-0519,RESELL,710.8,0.89
REC-RTN-0520,RTN-0520,RESELL,1311.2,0.9
REC-RTN-0521,RTN-0521,DESTROY,0.0,0.93
REC-RTN-0522,RTN-0522,LIQUIDATE,1306.4,0.82
REC-RTN-0523,RTN-0523,LIQUIDATE,300.4,0.91
REC-RTN-0524,RTN-0524,RESELL,679.2,0.8
REC-RTN-0525,RTN-0525,RESELL,933.6,0.85
REC-RTN-0526,RTN-0526,RESELL,1640.4,0.82
REC-RTN-0527,RTN-0527,RESELL,647.6,0.9
REC-RTN-0528,RTN-0528,RESELL,388.8,0.85
REC-RTN-0529,RTN-0529,RESELL,456.8,0.86
REC-RTN-0530,RTN-0530,RESELL,1028.8,0.86
REC-RTN-0531,RTN-0531,LIQUIDATE,1828.4,0.86
REC-RTN-0532,RTN-0532,RESELL,148.0,0.94
REC-RTN-0533,RTN-0533,RESELL,608.4,0.91
REC-RTN-0534,RTN-0534,RESELL,1875.6,0.8
REC-RTN-0535,RTN-0535,DESTROY,0.0,0.85
REC-RTN-0536,RTN-0536,RESELL,808.0,0.82
REC-RTN-0537,RTN-0537,DESTROY,0.0,0.94
REC-RTN-0538,RTN-0538,RESELL,445.6,0.93
REC-RTN-0539,RTN-0539,LIQUIDATE,1850.0,0.81
REC-RTN-0540,RTN-0540,RESELL,1458.8,0.85
REC-RTN-0541,RTN-0541,RESELL,313.2,0.92
REC-RTN-0542,RTN-0542,RESELL,401.2,0.91
REC-RTN-0543,RTN-0543,RESELL,866.8,0.89
REC-RTN-0544,RTN-0544,LIQUIDATE,750.4,0.91
REC-RTN-0545,RTN-0545,RESELL,964.0,0.8
REC-RTN-0546,RTN-0546,LIQUIDATE,646.0,0.88
REC-RTN-0547,RTN-0547,DESTROY,0.0,0.8
REC-RTN-0548,RTN-0548,RESELL,1240.4,0.87
REC-RTN-0549,RTN-0549,LIQUIDATE,536.8,0.93
REC-RTN-0550,RTN-0550,DESTROY,0.0,0.86
REC-RTN-0551,RTN-0551,DESTROY,0.0,0.91
REC-RTN-0552,RTN-0552,RESELL,1474.4,0.92
REC-RTN-0553,RTN-0553,RESELL,672.0,0.9
REC-RTN-0554,RTN-0554,RESELL,204.8,0.82
REC-RTN-0555,RTN-0555,LIQUIDATE,1807.2,0.84
REC-RTN-0556,RTN-0556,RESELL,1270.4,0.84
REC-RTN-0557,RTN-0557,LIQUIDATE,1807.2,0.91
REC-RTN-0558,RTN-0558,LIQUIDATE,672.0,0.81
REC-RTN-0559,RTN-0559,LIQUIDATE,422.4,0.91
REC-RTN-0560,RTN-0560,LIQUIDATE,1186.4,0.8
REC-RTN-0561,RTN-0561,RESELL,393.6,0.84
REC-RTN-0562,RTN-0562,LIQUIDATE,887.2,0.85
REC-RTN-0563,RTN-0563,RESELL,635.2,0.88
REC-RTN-0564,RTN-0564,LIQUIDATE,855.6,0.89
REC-RTN-0565,RTN-0565,DESTROY,0.0,0.92
REC-RTN-0566,RTN-0566,RESELL,1939.6,0.84
REC-RTN-0567,RTN-0567,LIQUIDATE,318.0,0.84
REC-RTN-0568,RTN-0568,LIQUIDATE,254.8,0.89
REC-RTN-0569,RTN-0569,RESELL,805.2,0.91
REC-RTN-0570,RTN-0570,LIQUIDATE,1329.2,0.91
REC-RTN-0571,RTN-0571,LIQUIDATE,357.2,0.87
REC-RTN-0572,RTN-0572,RESELL,623.6,0.83
REC-RTN-0573,RTN-0573,LIQUIDATE,1458.8,0.87
REC-RTN-0574,RTN-0574,LIQUIDATE,954.8,0.86
REC-RTN-0575,RTN-0575,LIQUIDATE,609.2,0.92
REC-RTN-0576,RTN-0576,RESELL,1561.6,0.92
REC-RTN-0577,RTN-0577,RESELL,227.2,0.81
REC-RTN-0578,RTN-0578,LIQUIDATE,1870.0,0.84
REC-RTN-0579,RTN-0579,LIQUIDATE,455.2,0.91
REC-RTN-0580,RTN-0580,DESTROY,0.0,0.95
REC-RTN-0581,RTN-0581,LIQUIDATE,1588.4,0.93
REC-RTN-0582,RTN-0582,RESELL,1675.6,0.88
REC-RTN-0583,RTN-0583,LIQUIDATE,1872.4,0.87
REC-RTN-0584,RTN-0584,RESELL,256.8,0.8
REC-RTN-0585,RTN-0585,RESELL,250.0,0.91
REC-RTN-0586,RTN-0586,RESELL,1886.8,0.8
REC-RTN-0587,RTN-0587,RESELL,1316.0,0.93
REC-RTN-0588,RTN-0588,RESELL,249.2,0.88
REC-RTN-0589,RTN-0589,LIQUIDATE,1046.4,0.8
REC-RTN-0590,RTN-0590,RESELL,1943.2,0.89
REC-RTN-0591,RTN-0591,LIQUIDATE,1724.8,0.92
REC-RTN-0592,RTN-0592,LIQUIDATE,1328.0,0.91
REC-RTN-0593,RTN-0593,LIQUIDATE,762.0,0.85
REC-RTN-0594,RTN-0594,RESELL,424.8,0.9
REC-RTN-0595,RTN-0595,DESTROY,0.0,0.92
REC-RTN-0596,RTN-0596,RESELL,192.8,0.87
REC-RTN-0597,RTN-0597,RESELL,844.0,0.93
REC-RTN-0598,RTN-0598,DESTROY,0.0,0.85
REC-RTN-0599,RTN-0599,LIQUIDATE,1857.2,0.88
REC-RTN-0600,RTN-0600,LIQUIDATE,814.0,0.9
REC-RTN-0601,RTN-0601,RESELL,883.6,0.91
REC-RTN-0602,RTN-0602,LIQUIDATE,646.4,0.87
REC-RTN-0603,RTN-0603,LIQUIDATE,1462.4,0.85
REC-RTN-0604,RTN-0604,LIQUIDATE,504.4,0.92
REC-RTN-0605,RTN-0605,LIQUIDATE,411.2,0.84
REC-RTN-0606,RTN-0606,RESELL,1165.2,0.93
REC-RTN-0607,RTN-0607,LIQUIDATE,1552.8,0.91
REC-RTN-0608,RTN-0608,DESTROY,0.0,0.86
REC-RTN-0609,RTN-0609,LIQUIDATE,334.0,0.92
REC-RTN-0610,RTN-0610,DESTROY,0.0,0.84
REC-RTN-0611,RTN-0611,RESELL,1163.6,0.85
REC-RTN-0612,RTN-0612,RESELL,1467.2,0.9
REC-RTN-0613,RTN-0613,LIQUIDATE,1535.6,0.82
REC-RTN-0614,RTN-0614,RESELL,1164.4,0.93
REC-RTN-0615,RTN-0615,LIQUIDATE,1119.6,0.85
REC-RTN-0616,RTN-0616,RESELL,1599.6,0.88
REC-RTN-0617,RTN-0617,RESELL,122.8,0.86
REC-RTN-0618,RTN-0618,RESELL,1893.2,0.85
REC-RTN-0619,RTN-0619,LIQUIDATE,486.8,0.88
REC-RTN-0620,RTN-0620,RESELL,1089.6,0.95
REC-RTN-0621,RTN-0621,RESELL,531.2,0.92
REC-RTN-0622,RTN-0622,LIQUIDATE,275.6,0.8
REC-RTN-0623,RTN-0623,DESTROY,0.0,0.92
REC-RTN-0624,RTN-0624,DESTROY,0.0,0.84
REC-RTN-0625,RTN-0625,RESELL,1541.6,0.92
REC-RTN-0626,RTN-0626,LIQUIDATE,688.0,0.95
REC-RTN-0627,RTN-0627,RESELL,384.8,0.85
REC-RTN-0628,RTN-0628,RESELL,1726.8,0.92
REC-RTN-0629,RTN-0629,RESELL,775.6,0.81
REC-RTN-0630,RTN-0630,DESTROY,0.0,0.87
REC-RTN-0631,RTN-0631,RESELL,857.2,0.93
REC-RTN-0632,RTN-0632,RESELL,373.2,0.84
REC-RTN-0633,RTN-0633,RESELL,1733.6,0.8
REC-RTN-0634,RTN-0634,RESELL,913.6,0.83
REC-RTN-0635,RTN-0635,DESTROY,0.0,0.92
REC-RTN-0636,RTN-0636,RESELL,1304.4,0.83
REC-RTN-0637,RTN-0637,LIQUIDATE,944.4,0.83
REC-RTN-0638,RTN-0638,RESELL,753.2,0.86
REC-RTN-0639,RTN-0639,RESELL,1239.6,0.91
REC-RTN-0640,RTN-0640,RESELL,468.8,0.84
REC-RTN-0641,RTN-0641,RESELL,207.2,0.92
REC-RTN-0642,RTN-0642,LIQUIDATE,1844.0,0.89
REC-RTN-0643,RTN-0643,RESELL,1460.8,0.8
REC-RTN-0644,RTN-0644,RESELL,239.2,0.93
REC-RTN-0645,RTN-0645,RESELL,159.2,0.9
REC-RTN-0646,RTN-0646,LIQUIDATE,1436.8,0.84
REC-RTN-0647,RTN-0647,RESELL,306.0,0.8
REC-RTN-0648,RTN-0648,DESTROY,0.0,0.8
REC-RTN-0649,RTN-0649,LIQUIDATE,1751.2,0.86
REC-RTN-0650,RTN-0650,LIQUIDATE,1920.8,0.89
REC-RTN-0651,RTN-0651,RESELL,1883.2,0.87
REC-RTN-0652,RTN-0652,RESELL,407.6,0.84
REC-RTN-0653,RTN-0653,RESELL,1526.0,0.82
REC-RTN-0654,RTN-0654,DESTROY,0.0,0.93
REC-RTN-0655,RTN-0655,RESELL,629.2,0.83
REC-RTN-0656,RTN-0656,RESELL,1616.0,0.9
REC-RTN-0657,RTN-0657,RESELL,171.2,0.88
REC-RTN-0658,RTN-0658,DESTROY,0.0,0.91
REC-RTN-0659,RTN-0659,RESELL,506.4,0.86
REC-RTN-0660,RTN-0660,LIQUIDATE,818.0,0.86
REC-RTN-0661,RTN-0661,LIQUIDATE,893.2,0.94
REC-RTN-0662,RTN-0662,LIQUIDATE,218.4,0.87
REC-RTN-0663,RTN-0663,RESELL,518.8,0.9
REC-RTN-0664,RTN-0664,LIQUIDATE,1856.0,0.85
REC-RTN-0665,RTN-0665,DESTROY,0.0,0.87
REC-RTN-0666,RTN-0666,RESELL,857.6,0.9
REC-RTN-0667,RTN-0667,LIQUIDATE,1061.2,0.92
REC-RTN-0668,RTN-0668,LIQUIDATE,1334.0,0.81
REC-RTN-0669,RTN-0669,RESELL,1960.4,0.92
REC-RTN-0670,RTN-0670,DESTROY,0.0,0.94
REC-RTN-0671,RTN-0671,RESELL,1995.6,0.92
REC-RTN-0672,RTN-0672,RESELL,384.8,0.9
REC-RTN-0673,RTN-0673,RESELL,246.8,0.93
REC-RTN-0674,RTN-0674,RESELL,425.2,0.82
REC-RTN-0675,RTN-0675,RESELL,979.2,0.9
REC-RTN-0676,RTN-0676,RESELL,1530.4,0.87
REC-RTN-0677,RTN-0677,DESTROY,0.0,0.83
REC-RTN-0678,RTN-0678,RESELL,518.4,0.89
REC-RTN-0679,RTN-0679,LIQUIDATE,1372.0,0.87
REC-RTN-0680,RTN-0680,RESELL,232.8,0.85
REC-RTN-0681,RTN-0681,RESELL,1306.4,0.9
REC-RTN-0682,RTN-0682,RESELL,1768.4,0.9
REC-RTN-0683,RTN-0683,DESTROY,0.0,0.91
REC-RTN-0684,RTN-0684,LIQUIDATE,232.0,0.81
REC-RTN-0685,RTN-0685,DESTROY,0.0,0.87
REC-RTN-0686,RTN-0686,RESELL,1102.8,0.86
REC-RTN-0687,RTN-0687,DESTROY,0.0,0.84
REC-RTN-0688,RTN-0688,RESELL,1214.8,0.87
REC-RTN-0689,RTN-0689,RESELL,1875.6,0.81
REC-RTN-0690,RTN-0690,RESELL,685.2,0.91
REC-RTN-0691,RTN-0691,RESELL,814.0,0.93
REC-RTN-0692,RTN-0692,RESELL,1234.0,0.87
REC-RTN-0693,RTN-0693,RESELL,1458.8,0.82
REC-RTN-0694,RTN-0694,DESTROY,0.0,0.84
REC-RTN-0695,RTN-0695,RESELL,311.6,0.85
REC-RTN-0696,RTN-0696,RESELL,1357.6,0.83
REC-RTN-0697,RTN-0697,LIQUIDATE,1504.0,0.85
REC-RTN-0698,RTN-0698,LIQUIDATE,1454.4,0.83
REC-RTN-0699,RTN-0699,LIQUIDATE,437.2,0.91
REC-RTN-0700,RTN-0700,LIQUIDATE,393.6,0.92
REC-RTN-0701,RTN-0701,RESELL,307.6,0.92
REC-RTN-0702,RTN-0702,DESTROY,0.0,0.92
REC-RTN-0703,RTN-0703,RESELL,1845.6,0.85
REC-RTN-0704,RTN-0704,RESELL,1458.8,0.9
REC-RTN-0705,RTN-0705,RESELL,776.4,0.94
REC-RTN-0706,RTN-0706,RESELL,1278.4,0.85
REC-RTN-0707,RTN-0707,RESELL,1405.2,0.82
REC-RTN-0708,RTN-0708,RESELL,533.2,0.9
REC-RTN-0709,RTN-0709,RESELL,437.2,0.85
REC-RTN-0710,RTN-0710,LIQUIDATE,1609.2,0.9
REC-RTN-0711,RTN-0711,LIQUIDATE,254.8,0.84
REC-RTN-0712,RTN-0712,LIQUIDATE,1828.4,0.91
REC-RTN-0713,RTN-0713,DESTROY,0.0,0.94
REC-RTN-0714,RTN-0714,RESELL,1788.8,0.86
REC-RTN-0715,RTN-0715,LIQUIDATE,1886.4,0.94
REC-RTN-0716,RTN-0716,RESELL,1811.6,0.81
REC-RTN-0717,RTN-0717,RESELL,188.4,0.94
REC-RTN-0718,RTN-0718,DESTROY,0.0,0.94
REC-RTN-0719,RTN-0719,DESTROY,0.0,0.9
REC-RTN-0720,RTN-0720,RESELL,159.2,0.88
REC-RTN-0721,RTN-0721,DESTROY,0.0,0.88
REC-RTN-0722,RTN-0722,DESTROY,0.0,0.81
REC-RTN-0723,RTN-0723,RESELL,761.6,0.93
REC-RTN-0724,RTN-0724,RESELL,1336.8,0.9
REC-RTN-0725,RTN-0725,DESTROY,0.0,0.95
REC-RTN-0726,RTN-0726,RESELL,871.2,0.91
REC-RTN-0727,RTN-0727,LIQUIDATE,1937.2,0.83
REC-RTN-0728,RTN-0728,LIQUIDATE,1133.2,0.89
REC-RTN-0729,RTN-0729,RESELL,761.6,0.81
REC-RTN-0730,RTN-0730,LIQUIDATE,175.6,0.86
REC-RTN-0731,RTN-0731,RESELL,871.2,0.91
REC-RTN-0732,RTN-0732,RESELL,1812.8,0.93
REC-RTN-0733,RTN-0733,LIQUIDATE,871.2,0.83
REC-RTN-0734,RTN-0734,LIQUIDATE,1868.8,0.8
REC-RTN-0735,RTN-0735,RESELL,1996.0,0.85
REC-RTN-0736,RTN-0736,LIQUIDATE,1783.6,0.8
REC-RTN-0737,RTN-0737,RESELL,1909.6,0.87
REC-RTN-0738,RTN-0738,LIQUIDATE,662.0,0.9
REC-RTN-0739,RTN-0739,RESELL,1495.6,0.81
REC-RTN-0740,RTN-0740,LIQUIDATE,233.6,0.83
REC-RTN-0741,RTN-0741,RESELL,1906.4,0.82
REC-RTN-0742,RTN-0742,RESELL,1146.0,0.93
REC-RTN-0743,RTN-0743,RESELL,831.6,0.88
REC-RTN-0744,RTN-0744,RESELL,1114.4,0.92
REC-RTN-0745,RTN-0745,LIQUIDATE,688.0,0.87
REC-RTN-0746,RTN-0746,RESELL,384.4,0.95
REC-RTN-0747,RTN-0747,RESELL,392.8,0.86
REC-RTN-0748,RTN-0748,LIQUIDATE,437.2,0.84
REC-RTN-0749,RTN-0749,RESELL,254.4,0.94
REC-RTN-0750,RTN-0750,RESELL,1394.0,0.93
REC-RTN-0751,RTN-0751,RESELL,952.8,0.95
REC-RTN-0752,RTN-0752,RESELL,1984.0,0.83
REC-RTN-0753,RTN-0753,RESELL,1476.4,0.88
REC-RTN-0754,RTN-0754,RESELL,1234.4,0.91
REC-RTN-0755,RTN-0755,LIQUIDATE,191.2,0.92
REC-RTN-0756,RTN-0756,RESELL,578.8,0.83
REC-RTN-0757,RTN-0757,LIQUIDATE,466.4,0.89
REC-RTN-0758,RTN-0758,DESTROY,0.0,0.89
REC-RTN-0759,RTN-0759,RESELL,921.6,0.8
REC-RTN-0760,RTN-0760,LIQUIDATE,345.6,0.94
REC-RTN-0761,RTN-0761,LIQUIDATE,424.8,0.95
REC-RTN-0762,RTN-0762,LIQUIDATE,883.6,0.91
REC-RTN-0763,RTN-0763,DESTROY,0.0,0.9
REC-RTN-0764,RTN-0764,RESELL,1740.0,0.89
REC-RTN-0765,RTN-0765,LIQUIDATE,486.8,0.85
REC-RTN-0766,RTN-0766,RESELL,445.6,0.95
REC-RTN-0767,RTN-0767,LIQUIDATE,688.0,0.91
REC-RTN-0768,RTN-0768,LIQUIDATE,1332.0,0.84
REC-RTN-0769,RTN-0769,RESELL,868.4,0.89
REC-RTN-0770,RTN-0770,LIQUIDATE,536.8,0.84
REC-RTN-0771,RTN-0771,LIQUIDATE,864.4,0.91
REC-RTN-0772,RTN-0772,RESELL,1226.0,0.83
REC-RTN-0773,RTN-0773,RESELL,1576.4,0.95
REC-RTN-0774,RTN-0774,RESELL,749.2,0.86
REC-RTN-0775,RTN-0775,RESELL,894.8,0.9
REC-RTN-0776,RTN-0776,RESELL,1909.6,0.88
REC-RTN-0777,RTN-0777,RESELL,1394.0,0.81
REC-RTN-0778,RTN-0778,RESELL,601.6,0.87
REC-RTN-0779,RTN-0779,LIQUIDATE,374.4,0.83
REC-RTN-0780,RTN-0780,DESTROY,0.0,0.94
REC-RTN-0781,RTN-0781,RESELL,1766.8,0.95
REC-RTN-0782,RTN-0782,RESELL,312.4,0.91
REC-RTN-0783,RTN-0783,LIQUIDATE,698.4,0.82
REC-RTN-0784,RTN-0784,LIQUIDATE,1873.2,0.9
REC-RTN-0785,RTN-0785,RESELL,828.4,0.94
REC-RTN-0786,RTN-0786,LIQUIDATE,424.8,0.87
REC-RTN-0787,RTN-0787,DESTROY,0.0,0.9
REC-RTN-0788,RTN-0788,LIQUIDATE,411.2,0.92
REC-RTN-0789,RTN-0789,LIQUIDATE,1984.4,0.9
REC-RTN-0790,RTN-0790,RESELL,545.6,0.93
REC-RTN-0791,RTN-0791,DESTROY,0.0,0.84
REC-RTN-0792,RTN-0792,RESELL,1306.0,0.86
REC-RTN-0793,RTN-0793,LIQUIDATE,1312.8,0.83
REC-RTN-0794,RTN-0794,LIQUIDATE,300.4,0.83
REC-RTN-0795,RTN-0795,LIQUIDATE,322.4,0.9
REC-RTN-0796,RTN-0796,LIQUIDATE,1696.0,0.92
REC-RTN-0797,RTN-0797,DESTROY,0.0,0.86
REC-RTN-0798,RTN-0798,RESELL,828.4,0.9
REC-RTN-0799,RTN-0799,DESTROY,0.0,0.89
REC-RTN-0800,RTN-0800,LIQUIDATE,496.8,0.83
REC-RTN-0801,RTN-0801,LIQUIDATE,868.4,0.91
REC-RTN-0802,RTN-0802,RESELL,254.4,0.94
REC-RTN-0803,RTN-0803,LIQUIDATE,1764.4,0.91
REC-RTN-0804,RTN-0804,RESELL,1355.6,0.9
REC-RTN-0805,RTN-0805,RESELL,757.6,0.83
REC-RTN-0806,RTN-0806,RESELL,1746.0,0.81
REC-RTN-0807,RTN-0807,LIQUIDATE,1884.8,0.82
REC-RTN-0808,RTN-0808,DESTROY,0.0,0.92
REC-RTN-0809,RTN-0809,DESTROY,0.0,0.91
REC-RTN-0810,RTN-0810,LIQUIDATE,1617.6,0.84
REC-RTN-0811,RTN-0811,RESELL,1883.2,0.93
REC-RTN-0812,RTN-0812,RESELL,1022.8,0.89
REC-RTN-0813,RTN-0813,LIQUIDATE,910.0,0.86
REC-RTN-0814,RTN-0814,LIQUIDATE,1504.0,0.92
REC-RTN-0815,RTN-0815,RESELL,1123.2,0.87
REC-RTN-0816,RTN-0816,RESELL,179.2,0.91
REC-RTN-0817,RTN-0817,RESELL,1425.6,0.84
REC-RTN-0818,RTN-0818,LIQUIDATE,1405.2,0.82
REC-RTN-0819,RTN-0819,RESELL,232.0,0.84
REC-RTN-0820,RTN-0820,DESTROY,0.0,0.93
REC-RTN-0821,RTN-0821,RESELL,282.8,0.87
REC-RTN-0822,RTN-0822,DESTROY,0.0,0.91
REC-RTN-0823,RTN-0823,DESTROY,0.0,0.94
REC-RTN-0824,RTN-0824,RESELL,868.4,0.82
REC-RTN-0825,RTN-0825,RESELL,1845.6,0.92
REC-RTN-0826,RTN-0826,DESTROY,0.0,0.9
REC-RTN-0827,RTN-0827,DESTROY,0.0,0.84
REC-RTN-0828,RTN-0828,LIQUIDATE,1405.2,0.84
REC-RTN-0829,RTN-0829,RESELL,373.2,0.87
REC-RTN-0830,RTN-0830,RESELL,1630.0,0.94
REC-RTN-0831,RTN-0831,LIQUIDATE,1014.4,0.95
REC-RTN-0832,RTN-0832,RESELL,597.2,0.81
REC-RTN-0833,RTN-0833,RESELL,366.0,0.83
REC-RTN-0834,RTN-0834,DESTROY,0.0,0.91
REC-RTN-0835,RTN-0835,RESELL,265.6,0.81
REC-RTN-0836,RTN-0836,RESELL,1733.6,0.84
REC-RTN-0837,RTN-0837,RESELL,665.6,0.91
REC-RTN-0838,RTN-0838,LIQUIDATE,1186.0,0.84
REC-RTN-0839,RTN-0839,RESELL,1776.0,0.91
REC-RTN-0840,RTN-0840,RESELL,769.6,0.94
REC-RTN-0841,RTN-0841,RESELL,1996.0,0.81
REC-RTN-0842,RTN-0842,LIQUIDATE,504.0,0.91
REC-RTN-0843,RTN-0843,RESELL,366.0,0.82
REC-RTN-0844,RTN-0844,LIQUIDATE,797.2,0.87
REC-RTN-0845,RTN-0845,RESELL,1807.2,0.82
REC-RTN-0846,RTN-0846,DESTROY,0.0,0.85
REC-RTN-0847,RTN-0847,LIQUIDATE,1143.2,0.8
REC-RTN-0848,RTN-0848,RESELL,200.0,0.81
REC-RTN-0849,RTN-0849,LIQUIDATE,1322.8,0.82
REC-RTN-0850,RTN-0850,RESELL,1706.4,0.83
REC-RTN-0851,RTN-0851,RESELL,1284.0,0.91
REC-RTN-0852,RTN-0852,RESELL,750.4,0.81
REC-RTN-0853,RTN-0853,DESTROY,0.0,0.83
REC-RTN-0854,RTN-0854,DESTROY,0.0,0.9
REC-RTN-0855,RTN-0855,LIQUIDATE,182.8,0.91
REC-RTN-0856,RTN-0856,RESELL,518.4,0.88
REC-RTN-0857,RTN-0857,LIQUIDATE,423.2,0.91
REC-RTN-0858,RTN-0858,RESELL,613.6,0.86
REC-RTN-0859,RTN-0859,LIQUIDATE,1920.8,0.8
REC-RTN-0860,RTN-0860,RESELL,586.8,0.83
REC-RTN-0861,RTN-0861,LIQUIDATE,426.4,0.91
REC-RTN-0862,RTN-0862,RESELL,232.8,0.9
REC-RTN-0863,RTN-0863,DESTROY,0.0,0.86
REC-RTN-0864,RTN-0864,RESELL,516.4,0.93
REC-RTN-0865,RTN-0865,RESELL,700.8,0.82
REC-RTN-0866,RTN-0866,RESELL,1670.0,0.91
REC-RTN-0867,RTN-0867,LIQUIDATE,1603.2,0.87
REC-RTN-0868,RTN-0868,RESELL,1253.2,0.88
REC-RTN-0869,RTN-0869,LIQUIDATE,170.4,0.92
REC-RTN-0870,RTN-0870,RESELL,812.4,0.85
REC-RTN-0871,RTN-0871,RESELL,124.8,0.94
REC-RTN-0872,RTN-0872,DESTROY,0.0,0.95
REC-RTN-0873,RTN-0873,RESELL,1562.8,0.86
REC-RTN-0874,RTN-0874,LIQUIDATE,1687.6,0.9
REC-RTN-0875,RTN-0875,DESTROY,0.0,0.87
REC-RTN-0876,RTN-0876,LIQUIDATE,646.0,0.84
REC-RTN-0877,RTN-0877,RESELL,518.8,0.93
REC-RTN-0878,RTN-0878,RESELL,1554.4,0.87
REC-RTN-0879,RTN-0879,RESELL,1156.8,0.85
REC-RTN-0880,RTN-0880,RESELL,854.8,0.86
REC-RTN-0881,RTN-0881,RESELL,1750.0,0.87
REC-RTN-0882,RTN-0882,RESELL,1836.4,0.9
REC-RTN-0883,RTN-0883,LIQUIDATE,1348.0,0.94
REC-RTN-0884,RTN-0884,LIQUIDATE,1886.4,0.87
REC-RTN-0885,RTN-0885,DESTROY,0.0,0.83
REC-RTN-0886,RTN-0886,RESELL,1552.8,0.93
REC-RTN-0887,RTN-0887,RESELL,826.4,0.82
REC-RTN-0888,RTN-0888,LIQUIDATE,1177.6,0.8
REC-RTN-0889,RTN-0889,RESELL,1238.8,0.85
REC-RTN-0890,RTN-0890,LIQUIDATE,399.6,0.93
REC-RTN-0891,RTN-0891,RESELL,1092.0,0.93
REC-RTN-0892,RTN-0892,DESTROY,0.0,0.87
REC-RTN-0893,RTN-0893,DESTROY,0.0,0.83
REC-RTN-0894,RTN-0894,RESELL,361.2,0.86
REC-RTN-0895,RTN-0895,RESELL,388.4,0.87
REC-RTN-0896,RTN-0896,RESELL,1788.0,0.81
REC-RTN-0897,RTN-0897,RESELL,940.4,0.93
REC-RTN-0898,RTN-0898,RESELL,554.8,0.82
REC-RTN-0899,RTN-0899,LIQUIDATE,1208.0,0.93
REC-RTN-0900,RTN-0900,RESELL,1204.4,0.93
REC-RTN-0901,RTN-0901,DESTROY,0.0,0.81
REC-RTN-0902,RTN-0902,RESELL,307.6,0.81
REC-RTN-0903,RTN-0903,RESELL,443.2,0.94
REC-RTN-0904,RTN-0904,LIQUIDATE,709.2,0.82
REC-RTN-0905,RTN-0905,DESTROY,0.0,0.94
REC-RTN-0906,RTN-0906,RESELL,1704.4,0.95
REC-RTN-0907,RTN-0907,RESELL,700.8,0.88
REC-RTN-0908,RTN-0908,RESELL,1742.8,0.84
REC-RTN-0909,RTN-0909,LIQUIDATE,550.8,0.88
REC-RTN-0910,RTN-0910,RESELL,1140.0,0.82
REC-RTN-0911,RTN-0911,DESTROY,0.0,0.88
REC-RTN-0912,RTN-0912,RESELL,1253.2,0.84
REC-RTN-0913,RTN-0913,LIQUIDATE,1782.8,0.94
REC-RTN-0914,RTN-0914,LIQUIDATE,688.0,0.94
REC-RTN-0915,RTN-0915,LIQUIDATE,1388.8,0.92
REC-RTN-0916,RTN-0916,DESTROY,0.0,0.84
REC-RTN-0917,RTN-0917,RESELL,1998.4,0.94
REC-RTN-0918,RTN-0918,RESELL,232.0,0.95
REC-RTN-0919,RTN-0919,LIQUIDATE,1349.6,0.88
REC-RTN-0920,RTN-0920,RESELL,292.4,0.81
REC-RTN-0921,RTN-0921,LIQUIDATE,1724.8,0.81
REC-RTN-0922,RTN-0922,RESELL,647.6,0.8
REC-RTN-0923,RTN-0923,RESELL,1234.0,0.91
REC-RTN-0924,RTN-0924,RESELL,1339.6,0.91
REC-RTN-0925,RTN-0925,RESELL,662.0,0.91
REC-RTN-0926,RTN-0926,LIQUIDATE,636.0,0.89
REC-RTN-0927,RTN-0927,LIQUIDATE,520.4,0.93
REC-RTN-0928,RTN-0928,RESELL,1529.2,0.9
REC-RTN-0929,RTN-0929,LIQUIDATE,629.2,0.84
REC-RTN-0930,RTN-0930,RESELL,1733.6,0.89
REC-RTN-0931,RTN-0931,DESTROY,0.0,0.92
REC-RTN-0932,RTN-0932,RESELL,938.8,0.91
REC-RTN-0933,RTN-0933,LIQUIDATE,1686.8,0.8
REC-RTN-0934,RTN-0934,LIQUIDATE,647.2,0.85
REC-RTN-0935,RTN-0935,LIQUIDATE,406.4,0.82
REC-RTN-0936,RTN-0936,DESTROY,0.0,0.87
REC-RTN-0937,RTN-0937,RESELL,1244.0,0.86
REC-RTN-0938,RTN-0938,DESTROY,0.0,0.95
REC-RTN-0939,RTN-0939,LIQUIDATE,160.8,0.94
REC-RTN-0940,RTN-0940,RESELL,1251.6,0.9
REC-RTN-0941,RTN-0941,RESELL,434.8,0.82
REC-RTN-0942,RTN-0942,DESTROY,0.0,0.93
REC-RTN-0943,RTN-0943,LIQUIDATE,1336.8,0.86
REC-RTN-0944,RTN-0944,DESTROY,0.0,0.91
REC-RTN-0945,RTN-0945,RESELL,438.0,0.84
REC-RTN-0946,RTN-0946,LIQUIDATE,1844.0,0.93
REC-RTN-0947,RTN-0947,DESTROY,0.0,0.85
REC-RTN-0948,RTN-0948,RESELL,571.6,0.88
REC-RTN-0949,RTN-0949,LIQUIDATE,334.0,0.81
REC-RTN-0950,RTN-0950,LIQUIDATE,1336.8,0.86
REC-RTN-0951,RTN-0951,RESELL,393.6,0.8
REC-RTN-0952,RTN-0952,LIQUIDATE,1114.0,0.83
REC-RTN-0953,RTN-0953,RESELL,1670.0,0.89
REC-RTN-0954,RTN-0954,RESELL,1670.0,0.86
REC-RTN-0955,RTN-0955,RESELL,607.2,0.82
REC-RTN-0956,RTN-0956,RESELL,586.8,0.87
REC-RTN-0957,RTN-0957,RESELL,400.4,0.93
REC-RTN-0958,RTN-0958,DESTROY,0.0,0.84
REC-RTN-0959,RTN-0959,RESELL,441.2,0.87
REC-RTN-0960,RTN-0960,LIQUIDATE,1462.4,0.85
REC-RTN-0961,RTN-0961,RESELL,386.4,0.8
REC-RTN-0962,RTN-0962,LIQUIDATE,1208.0,0.83
REC-RTN-0963,RTN-0963,RESELL,1064.0,0.85
REC-RTN-0964,RTN-0964,RESELL,1760.8,0.88
REC-RTN-0965,RTN-0965,LIQUIDATE,779.6,0.84
REC-RTN-0966,RTN-0966,DESTROY,0.0,0.8
REC-RTN-0967,RTN-0967,RESELL,1507.6,0.83
REC-RTN-0968,RTN-0968,RESELL,399.2,0.82
REC-RTN-0969,RTN-0969,RESELL,274.0,0.86
REC-RTN-0970,RTN-0970,DESTROY,0.0,0.82
REC-RTN-0971,RTN-0971,RESELL,123.2,0.8
REC-RTN-0972,RTN-0972,RESELL,964.0,0.89
REC-RTN-0973,RTN-0973,RESELL,757.6,0.95
REC-RTN-0974,RTN-0974,RESELL,1081.2,0.81
REC-RTN-0975,RTN-0975,LIQUIDATE,1788.8,0.89
REC-RTN-0976,RTN-0976,RESELL,1198.0,0.89
REC-RTN-0977,RTN-0977,LIQUIDATE,1167.2,0.84
REC-RTN-0978,RTN-0978,RESELL,1715.6,0.82
REC-RTN-0979,RTN-0979,RESELL,854.8,0.89
REC-RTN-0980,RTN-0980,RESELL,1034.8,0.88
REC-RTN-0981,RTN-0981,RESELL,504.8,0.84
REC-RTN-0982,RTN-0982,DESTROY,0.0,0.85
REC-RTN-0983,RTN-0983,RESELL,790.8,0.81
REC-RTN-0984,RTN-0984,DESTROY,0.0,0.9
REC-RTN-0985,RTN-0985,LIQUIDATE,685.2,0.85
REC-RTN-0986,RTN-0986,LIQUIDATE,1260.8,0.91
REC-RTN-0987,RTN-0987,DESTROY,0.0,0.92
REC-RTN-0988,RTN-0988,LIQUIDATE,1751.2,0.86
REC-RTN-0989,RTN-0989,RESELL,1541.6,0.92
REC-RTN-0990,RTN-0990,LIQUIDATE,355.2,0.93
REC-RTN-0991,RTN-0991,LIQUIDATE,1603.2,0.91
REC-RTN-0992,RTN-0992,DESTROY,0.0,0.83
REC-RTN-0993,RTN-0993,RESELL,769.2,0.82
REC-RTN-0994,RTN-0994,LIQUIDATE,1332.0,0.82
REC-RTN-0995,RTN-0995,LIQUIDATE,1534.4,0.91
REC-RTN-0996,RTN-0996,RESELL,604.8,0.89
REC-RTN-0997,RTN-0997,RESELL,224.8,0.84
REC-RTN-0998,RTN-0998,RESELL,698.4,0.81
REC-RTN-0999,RTN-0999,LIQUIDATE,534.4,0.86
REC-RTN-1000,RTN-1000,RESELL,983.2,0.88
REC-RTN-1001,RTN-1001,DESTROY,0.0,0.87
REC-RTN-1002,RTN-1002,LIQUIDATE,874.8,0.83
REC-RTN-1003,RTN-1003,RESELL,1142.0,0.9
REC-RTN-1004,RTN-1004,RESELL,1825.2,0.87
REC-RTN-1005,RTN-1005,RESELL,227.2,0.89
REC-RTN-1006,RTN-1006,RESELL,414.4,0.86
REC-RTN-1007,RTN-1007,RESELL,1764.4,0.81
REC-RTN-1008,RTN-1008,RESELL,1111.6,0.9
REC-RTN-1009,RTN-1009,LIQUIDATE,679.2,0.82
REC-RTN-1010,RTN-1010,RESELL,761.6,0.83
REC-RTN-1011,RTN-1011,RESELL,1129.6,0.81
REC-RTN-1012,RTN-1012,LIQUIDATE,1115.2,0.81
REC-RTN-1013,RTN-1013,RESELL,506.8,0.9
REC-RTN-1014,RTN-1014,RESELL,1510.0,0.88
REC-RTN-1015,RTN-1015,RESELL,590.8,0.93
REC-RTN-1016,RTN-1016,RESELL,526.8,0.91
REC-RTN-1017,RTN-1017,DESTROY,0.0,0.84
REC-RTN-1018,RTN-1018,LIQUIDATE,857.2,0.83
REC-RTN-1019,RTN-1019,RESELL,594.8,0.88
REC-RTN-1020,RTN-1020,LIQUIDATE,1616.0,0.81
REC-RTN-1021,RTN-1021,LIQUIDATE,1634.0,0.89
REC-RTN-1022,RTN-1022,RESELL,1992.4,0.86
REC-RTN-1023,RTN-1023,LIQUIDATE,254.8,0.81
REC-RTN-1024,RTN-1024,LIQUIDATE,342.0,0.9
REC-RTN-1025,RTN-1025,DESTROY,0.0,0.87
REC-RTN-1026,RTN-1026,LIQUIDATE,1975.2,0.85
REC-RTN-1027,RTN-1027,RESELL,1958.8,0.89
REC-RTN-1028,RTN-1028,RESELL,411.2,0.8
REC-RTN-1029,RTN-1029,DESTROY,0.0,0.87
REC-RTN-1030,RTN-1030,LIQUIDATE,1725.6,0.82
REC-RTN-1031,RTN-1031,RESELL,534.4,0.91
REC-RTN-1032,RTN-1032,RESELL,848.4,0.89
REC-RTN-1033,RTN-1033,LIQUIDATE,913.2,0.9
REC-RTN-1034,RTN-1034,DESTROY,0.0,0.9
REC-RTN-1035,RTN-1035,LIQUIDATE,1891.2,0.9
REC-RTN-1036,RTN-1036,RESELL,1535.6,0.85
REC-RTN-1037,RTN-1037,LIQUIDATE,252.8,0.93
REC-RTN-1038,RTN-1038,LIQUIDATE,424.8,0.94
REC-RTN-1039,RTN-1039,RESELL,809.2,0.94
REC-RTN-1040,RTN-1040,RESELL,167.6,0.94
REC-RTN-1041,RTN-1041,RESELL,414.4,0.89
REC-RTN-1042,RTN-1042,LIQUIDATE,609.2,0.83
REC-RTN-1043,RTN-1043,RESELL,407.6,0.85
REC-RTN-1044,RTN-1044,RESELL,1474.4,0.84
REC-RTN-1045,RTN-1045,RESELL,1394.0,0.89
REC-RTN-1046,RTN-1046,LIQUIDATE,496.8,0.91
REC-RTN-1047,RTN-1047,RESELL,1565.6,0.81
REC-RTN-1048,RTN-1048,RESELL,945.2,0.94
REC-RTN-1049,RTN-1049,DESTROY,0.0,0.95
REC-RTN-1050,RTN-1050,RESELL,1845.6,0.85
REC-RTN-1051,RTN-1051,RESELL,378.0,0.86
REC-RTN-1052,RTN-1052,DESTROY,0.0,0.81
REC-RTN-1053,RTN-1053,LIQUIDATE,977.6,0.85
REC-RTN-1054,RTN-1054,LIQUIDATE,374.4,0.87
REC-RTN-1055,RTN-1055,RESELL,344.8,0.81
REC-RTN-1056,RTN-1056,RESELL,1354.0,0.8
REC-RTN-1057,RTN-1057,RESELL,1228.4,0.94
REC-RTN-1058,RTN-1058,RESELL,1156.8,0.84
REC-RTN-1059,RTN-1059,LIQUIDATE,481.6,0.93
REC-RTN-1060,RTN-1060,LIQUIDATE,842.4,0.85
REC-RTN-1061,RTN-1061,DESTROY,0.0,0.9
REC-RTN-1062,RTN-1062,DESTROY,0.0,0.95
REC-RTN-1063,RTN-1063,RESELL,1383.2,0.89
REC-RTN-1064,RTN-1064,RESELL,900.8,0.92
REC-RTN-1065,RTN-1065,DESTROY,0.0,0.91
REC-RTN-1066,RTN-1066,DESTROY,0.0,0.83
REC-RTN-1067,RTN-1067,RESELL,241.6,0.93
REC-RTN-1068,RTN-1068,LIQUIDATE,888.0,0.89
REC-RTN-1069,RTN-1069,LIQUIDATE,1844.0,0.83
REC-RTN-1070,RTN-1070,RESELL,1844.0,0.93
REC-RTN-1071,RTN-1071,RESELL,530.8,0.95
REC-RTN-1072,RTN-1072,LIQUIDATE,1918.8,0.82
REC-RTN-1073,RTN-1073,RESELL,1600.0,0.83
REC-RTN-1074,RTN-1074,RESELL,946.0,0.93
REC-RTN-1075,RTN-1075,RESELL,608.4,0.87
REC-RTN-1076,RTN-1076,LIQUIDATE,546.8,0.89
REC-RTN-1077,RTN-1077,RESELL,1333.2,0.89
REC-RTN-1078,RTN-1078,RESELL,1092.0,0.85
REC-RTN-1079,RTN-1079,RESELL,1339.6,0.81
REC-RTN-1080,RTN-1080,DESTROY,0.0,0.81
REC-RTN-1081,RTN-1081,RESELL,1164.4,0.91
REC-RTN-1082,RTN-1082,DESTROY,0.0,0.81
REC-RTN-1083,RTN-1083,RESELL,1092.0,0.83
REC-RTN-1084,RTN-1084,RESELL,665.6,0.91
REC-RTN-1085,RTN-1085,RESELL,1795.2,0.9
REC-RTN-1086,RTN-1086,RESELL,574.4,0.93
REC-RTN-1087,RTN-1087,LIQUIDATE,1322.8,0.87
REC-RTN-1088,RTN-1088,LIQUIDATE,514.4,0.82
REC-RTN-1089,RTN-1089,DESTROY,0.0,0.83
REC-RTN-1090,RTN-1090,RESELL,1789.2,0.81
REC-RTN-1091,RTN-1091,RESELL,327.6,0.89
REC-RTN-1092,RTN-1092,RESELL,322.0,0.91
REC-RTN-1093,RTN-1093,RESELL,1883.2,0.82
REC-RTN-1094,RTN-1094,RESELL,1226.8,0.91
REC-RTN-1095,RTN-1095,LIQUIDATE,393.6,0.91
REC-RTN-1096,RTN-1096,RESELL,1675.6,0.82
REC-RTN-1097,RTN-1097,LIQUIDATE,1053.6,0.84
REC-RTN-1098,RTN-1098,RESELL,940.4,0.81
REC-RTN-1099,RTN-1099,LIQUIDATE,423.2,0.88
REC-RTN-1100,RTN-1100,RESELL,1576.4,0.85
REC-RTN-1101,RTN-1101,RESELL,977.6,0.9
REC-RTN-1102,RTN-1102,RESELL,1634.0,0.82
REC-RTN-1103,RTN-1103,RESELL,1751.6,0.85
REC-RTN-1104,RTN-1104,RESELL,1243.2,0.89
REC-RTN-1105,RTN-1105,RESELL,646.0,0.94
REC-RTN-1106,RTN-1106,RESELL,327.6,0.93
REC-RTN-1107,RTN-1107,DESTROY,0.0,0.9
REC-RTN-1108,RTN-1108,RESELL,1153.6,0.93
REC-RTN-1109,RTN-1109,RESELL,979.2,0.8
REC-RTN-1110,RTN-1110,RESELL,1603.6,0.88
REC-RTN-1111,RTN-1111,LIQUIDATE,929.2,0.92
REC-RTN-1112,RTN-1112,RESELL,1334.8,0.88
REC-RTN-1113,RTN-1113,RESELL,1621.6,0.83
REC-RTN-1114,RTN-1114,RESELL,646.4,0.93
REC-RTN-1115,RTN-1115,RESELL,774.8,0.83
REC-RTN-1116,RTN-1116,RESELL,1480.8,0.89
REC-RTN-1117,RTN-1117,LIQUIDATE,1844.0,0.81
REC-RTN-1118,RTN-1118,LIQUIDATE,292.4,0.91
REC-RTN-1119,RTN-1119,LIQUIDATE,1322.8,0.9
REC-RTN-1120,RTN-1120,RESELL,776.0,0.89
REC-RTN-1121,RTN-1121,LIQUIDATE,664.8,0.82
REC-RTN-1122,RTN-1122,RESELL,866.8,0.85
REC-RTN-1123,RTN-1123,LIQUIDATE,1116.8,0.87
REC-RTN-1124,RTN-1124,RESELL,162.4,0.91
REC-RTN-1125,RTN-1125,DESTROY,0.0,0.89
REC-RTN-1126,RTN-1126,RESELL,665.6,0.85
REC-RTN-1127,RTN-1127,RESELL,1377.6,0.93
REC-RTN-1128,RTN-1128,LIQUIDATE,609.2,0.86
REC-RTN-1129,RTN-1129,LIQUIDATE,1614.8,0.89
REC-RTN-1130,RTN-1130,RESELL,864.4,0.85
REC-RTN-1131,RTN-1131,RESELL,590.0,0.91
REC-RTN-1132,RTN-1132,RESELL,1022.8,0.89
REC-RTN-1133,RTN-1133,LIQUIDATE,1721.2,0.9
REC-RTN-1134,RTN-1134,LIQUIDATE,1803.6,0.82
REC-RTN-1135,RTN-1135,LIQUIDATE,1306.4,0.89
REC-RTN-1136,RTN-1136,RESELL,488.0,0.89
REC-RTN-1137,RTN-1137,RESELL,1900.4,0.81
REC-RTN-1138,RTN-1138,LIQUIDATE,420.0,0.86
REC-RTN-1139,RTN-1139,LIQUIDATE,1256.8,0.93
REC-RTN-1140,RTN-1140,LIQUIDATE,161.6,0.86
REC-RTN-1141,RTN-1141,RESELL,204.8,0.91
REC-RTN-1142,RTN-1142,RESELL,274.8,0.82
REC-RTN-1143,RTN-1143,RESELL,952.8,0.8
REC-RTN-1144,RTN-1144,RESELL,607.2,0.88
REC-RTN-1145,RTN-1145,LIQUIDATE,1349.6,0.8
REC-RTN-1146,RTN-1146,LIQUIDATE,1725.6,0.89
REC-RTN-1147,RTN-1147,RESELL,1873.2,0.8
REC-RTN-1148,RTN-1148,LIQUIDATE,1163.6,0.84
REC-RTN-1149,RTN-1149,RESELL,1766.8,0.83
REC-RTN-1150,RTN-1150,RESELL,591.2,0.91
REC-RTN-1151,RTN-1151,LIQUIDATE,1764.4,0.86
REC-RTN-1152,RTN-1152,RESELL,1185.2,0.87
REC-RTN-1153,RTN-1153,LIQUIDATE,1045.2,0.87
REC-RTN-1154,RTN-1154,RESELL,1249.6,0.82
REC-RTN-1155,RTN-1155,DESTROY,0.0,0.83
REC-RTN-1156,RTN-1156,LIQUIDATE,913.2,0.86
REC-RTN-1157,RTN-1157,LIQUIDATE,337.6,0.92
REC-RTN-1158,RTN-1158,LIQUIDATE,1405.2,0.85
REC-RTN-1159,RTN-1159,DESTROY,0.0,0.94
REC-RTN-1160,RTN-1160,RESELL,530.8,0.88
