cause_id,return_id,verified_category,confidence_score
RC-RTN-0001,RTN-0001,Wardrobing,0.92
RC-RTN-0002,RTN-0002,Wardrobing,0.77
RC-RTN-0003,RTN-0003,Counterfeit,0.84
RC-RTN-0004,RTN-0004,Sizing Accuracy,0.83
RC-RTN-0005,RTN-0005,Sizing Accuracy,0.96
RC-RTN-0006,RTN-0006,Wardrobing,0.85
RC-RTN-0007,RTN-0007,Sizing Accuracy,0.85
RC-RTN-0008,RTN-0008,Manufacturing Defect,0.94
RC-RTN-0009,RTN-0009,Sizing Accuracy,0.8
RC-RTN-0010,RTN-0010,Packaging Failure,0.81
RC-RTN-0011,RTN-0011,Packaging Failure,0.87
RC-RTN-0012,RTN-0012,Sizing Accuracy,0.8
RC-RTN-0013,RTN-0013,Counterfeit,0.95
RC-RTN-0014,RTN-0014,Packaging Failure,0.95
RC-RTN-0015,RTN-0015,Counterfeit,0.99
RC-RTN-0016,RTN-0016,Empty Box,0.85
RC-RTN-0017,RTN-0017,Counterfeit,0.77
RC-RTN-0018,RTN-0018,Wardrobing,0.91
RC-RTN-0019,RTN-0019,Sizing Accuracy,0.75
RC-RTN-0020,RTN-0020,Wardrobing,0.87
RC-RTN-0021,RTN-0021,Empty Box,0.84
RC-RTN-0022,RTN-0022,Sizing Accuracy,0.82
RC-RTN-0023,RTN-0023,Manufacturing Defect,0.76
RC-RTN-0024,RTN-0024,Wardrobing,0.92
RC-RTN-0025,RTN-0025,Manufacturing Defect,0.89
RC-RTN-0026,RTN-0026,Wardrobing,0.83
RC-RTN-0027,RTN-0027,Sizing Accuracy,0.96
RC-RTN-0028,RTN-0028,Counterfeit,0.94
RC-RTN-0029,RTN-0029,Sizing Accuracy,0.88
RC-RTN-0030,RTN-0030,Counterfeit,0.96
RC-RTN-0031,RTN-0031,Wardrobing,0.8
RC-RTN-0032,RTN-0032,Wardrobing,0.82
RC-RTN-0033,RTN-0033,Manufacturing Defect,0.98
RC-RTN-0034,RTN-0034,Packaging Failure,0.86
RC-RTN-0035,RTN-0035,Counterfeit,0.85
RC-RTN-0036,RTN-0036,Packaging Failure,0.9
RC-RTN-0037,RTN-0037,Wardrobing,0.89
RC-RTN-0038,RTN-0038,Sizing Accuracy,0.99
RC-RTN-0039,RTN-0039,Packaging Failure,0.94
RC-RTN-0040,RTN-0040,Wardrobing,0.8
RC-RTN-0041,RTN-0041,Manufacturing Defect,0.87
RC-RTN-0042,RTN-0042,Manufacturing Defect,0.84
RC-RTN-0043,RTN-0043,Sizing Accuracy,0.89
RC-RTN-0044,RTN-0044,Manufacturing Defect,0.84
RC-RTN-0045,RTN-0045,Wardrobing,0.85
RC-RTN-0046,RTN-0046,Empty Box,0.85
RC-RTN-0047,RTN-0047,Wardrobing,0.76
RC-RTN-0048,RTN-0048,Counterfeit,0.95
RC-RTN-0049,RTN-0049,Wardrobing,0.88
RC-RTN-0050,RTN-0050,Sizing Accuracy,0.83
RC-RTN-0051,RTN-0051,Wardrobing,0.79
RC-RTN-0052,RTN-0052,Manufacturing Defect,0.93
RC-RTN-0053,RTN-0053,Counterfeit,0.91
RC-RTN-0054,RTN-0054,Wardrobing,0.98
RC-RTN-0055,RTN-0055,Manufacturing Defect,0.96
RC-RTN-0056,RTN-0056,Packaging Failure,0.77
RC-RTN-0057,RTN-0057,Sizing Accuracy,0.99
RC-RTN-0058,RTN-0058,Empty Box,0.86
RC-RTN-0059,RTN-0059,Sizing Accuracy,0.84
RC-RTN-0060,RTN-0060,Counterfeit,0.77
RC-RTN-0061,RTN-0061,Wardrobing,0.96
RC-RTN-0062,RTN-0062,Sizing Accuracy,0.97
RC-RTN-0063,RTN-0063,Sizing Accuracy,0.77
RC-RTN-0064,RTN-0064,Wardrobing,0.78
RC-RTN-0065,RTN-0065,Wardrobing,0.87
RC-RTN-0066,RTN-0066,Sizing Accuracy,0.84
RC-RTN-0067,RTN-0067,Empty Box,0.82
RC-RTN-0068,RTN-0068,Manufacturing Defect,0.92
RC-RTN-0069,RTN-0069,Wardrobing,0.88
RC-RTN-0070,RTN-0070,Counterfeit,0.79
RC-RTN-0071,RTN-0071,Packaging Failure,0.83
RC-RTN-0072,RTN-0072,Wardrobing,0.94
RC-RTN-0073,RTN-0073,Counterfeit,0.9
RC-RTN-0074,RTN-0074,Sizing Accuracy,0.75
RC-RTN-0075,RTN-0075,Wardrobing,0.87
RC-RTN-0076,RTN-0076,Empty Box,0.88
RC-RTN-0077,RTN-0077,Empty Box,0.85
RC-RTN-0078,RTN-0078,Manufacturing Defect,0.82
RC-RTN-0079,RTN-0079,Wardrobing,0.82
RC-RTN-0080,RTN-0080,Counterfeit,0.99
RC-RTN-0081,RTN-0081,Wardrobing,0.91
RC-RTN-0082,RTN-0082,Empty Box,0.79
RC-RTN-0083,RTN-0083,Wardrobing,0.89
RC-RTN-0084,RTN-0084,Manufacturing Defect,0.76
RC-RTN-0085,RTN-0085,Counterfeit,0.82
RC-RTN-0086,RTN-0086,Counterfeit,0.86
RC-RTN-0087,RTN-0087,Empty Box,0.8
RC-RTN-0088,RTN-0088,Counterfeit,0.88
RC-RTN-0089,RTN-0089,Empty Box,0.99
RC-RTN-0090,RTN-0090,Packaging Failure,0.83
RC-RTN-0091,RTN-0091,Sizing Accuracy,0.79
RC-RTN-0092,RTN-0092,Wardrobing,0.98
RC-RTN-0093,RTN-0093,Empty Box,0.89
RC-RTN-0094,RTN-0094,Counterfeit,0.96
RC-RTN-0095,RTN-0095,Wardrobing,0.88
RC-RTN-0096,RTN-0096,Wardrobing,0.97
RC-RTN-0097,RTN-0097,Wardrobing,0.98
RC-RTN-0098,RTN-0098,Empty Box,0.94
RC-RTN-0099,RTN-0099,Counterfeit,0.98
RC-RTN-0100,RTN-0100,Sizing Accuracy,0.77
RC-RTN-0101,RTN-0101,Packaging Failure,0.84
RC-RTN-0102,RTN-0102,Manufacturing Defect,0.95
RC-RTN-0103,RTN-0103,Wardrobing,0.94
RC-RTN-0104,RTN-0104,Empty Box,0.83
RC-RTN-0105,RTN-0105,Packaging Failure,0.91
RC-RTN-0106,RTN-0106,Wardrobing,0.81
RC-RTN-0107,RTN-0107,Sizing Accuracy,0.88
RC-RTN-0108,RTN-0108,Wardrobing,0.87
RC-RTN-0109,RTN-0109,Empty Box,0.88
RC-RTN-0110,RTN-0110,Sizing Accuracy,0.97
RC-RTN-0111,RTN-0111,Wardrobing,0.78
RC-RTN-0112,RTN-0112,Wardrobing,0.83
RC-RTN-0113,RTN-0113,Counterfeit,0.91
RC-RTN-0114,RTN-0114,Wardrobing,0.9
RC-RTN-0115,RTN-0115,Wardrobing,0.91
RC-RTN-0116,RTN-0116,Packaging Failure,0.81
RC-RTN-0117,RTN-0117,Manufacturing Defect,0.93
RC-RTN-0118,RTN-0118,Empty Box,0.79
RC-RTN-0119,RTN-0119,Empty Box,0.84
RC-RTN-0120,RTN-0120,Wardrobing,0.84
RC-RTN-0121,RTN-0121,Packaging Failure,0.77
RC-RTN-0122,RTN-0122,Manufacturing Defect,0.75
RC-RTN-0123,RTN-0123,Wardrobing,0.75
RC-RTN-0124,RTN-0124,Manufacturing Defect,0.81
RC-RTN-0125,RTN-0125,Counterfeit,0.85
RC-RTN-0126,RTN-0126,Sizing Accuracy,0.93
RC-RTN-0127,RTN-0127,Wardrobing,0.8
RC-RTN-0128,RTN-0128,Wardrobing,0.93
RC-RTN-0129,RTN-0129,Packaging Failure,0.83
RC-RTN-0130,RTN-0130,Counterfeit,0.88
RC-RTN-0131,RTN-0131,Wardrobing,0.81
RC-RTN-0132,RTN-0132,Empty Box,0.95
RC-RTN-0133,RTN-0133,Wardrobing,0.82
RC-RTN-0134,RTN-0134,Wardrobing,0.83
RC-RTN-0135,RTN-0135,Counterfeit,0.92
RC-RTN-0136,RTN-0136,Sizing Accuracy,0.98
RC-RTN-0137,RTN-0137,Empty Box,0.87
RC-RTN-0138,RTN-0138,Wardrobing,0.87
RC-RTN-0139,RTN-0139,Wardrobing,0.81
RC-RTN-0140,RTN-0140,Packaging Failure,0.82
RC-RTN-0141,RTN-0141,Empty Box,0.94
RC-RTN-0142,RTN-0142,Empty Box,0.91
RC-RTN-0143,RTN-0143,Wardrobing,0.96
RC-RTN-0144,RTN-0144,Wardrobing,0.79
RC-RTN-0145,RTN-0145,Counterfeit,0.87
RC-RTN-0146,RTN-0146,Wardrobing,0.83
RC-RTN-0147,RTN-0147,Counterfeit,0.93
RC-RTN-0148,RTN-0148,Wardrobing,0.79
RC-RTN-0149,RTN-0149,Wardrobing,0.97
RC-RTN-0150,RTN-0150,Counterfeit,0.96
RC-RTN-0151,RTN-0151,Packaging Failure,0.86
RC-RTN-0152,RTN-0152,Counterfeit,0.98
RC-RTN-0153,RTN-0153,Packaging Failure,0.84
RC-RTN-0154,RTN-0154,Wardrobing,0.86
RC-RTN-0155,RTN-0155,Packaging Failure,0.92
RC-RTN-0156,RTN-0156,Packaging Failure,0.84
RC-RTN-0157,RTN-0157,Wardrobing,0.9
RC-RTN-0158,RTN-0158,Manufacturing Defect,0.94
RC-RTN-0159,RTN-0159,Packaging Failure,0.95
RC-RTN-0160,RTN-0160,Sizing Accuracy,0.94
RC-RTN-0161,RTN-0161,Wardrobing,0.77
RC-RTN-0162,RTN-0162,Packaging Failure,0.89
RC-RTN-0163,RTN-0163,Wardrobing,0.88
RC-RTN-0164,RTN-0164,Counterfeit,0.83
RC-RTN-0165,RTN-0165,Wardrobing,0.95
RC-RTN-0166,RTN-0166,Counterfeit,0.94
RC-RTN-0167,RTN-0167,Empty Box,0.89
RC-RTN-0168,RTN-0168,Counterfeit,0.79
RC-RTN-0169,RTN-0169,Wardrobing,0.82
RC-RTN-0170,RTN-0170,Empty Box,0.77
RC-RTN-0171,RTN-0171,Empty Box,0.8
RC-RTN-0172,RTN-0172,Sizing Accuracy,0.77
RC-RTN-0173,RTN-0173,Counterfeit,0.76
RC-RTN-0174,RTN-0174,Counterfeit,0.93
RC-RTN-0175,RTN-0175,Counterfeit,0.79
RC-RTN-0176,RTN-0176,Wardrobing,0.9
RC-RTN-0177,RTN-0177,Wardrobing,0.75
RC-RTN-0178,RTN-0178,Wardrobing,0.93
RC-RTN-0179,RTN-0179,Counterfeit,0.9
RC-RTN-0180,RTN-0180,Wardrobing,0.76
RC-RTN-0181,RTN-0181,Sizing Accuracy,0.94
RC-RTN-0182,RTN-0182,Counterfeit,0.98
RC-RTN-0183,RTN-0183,Manufacturing Defect,0.89
RC-RTN-0184,RTN-0184,Wardrobing,0.83
RC-RTN-0185,RTN-0185,Packaging Failure,0.93
RC-RTN-0186,RTN-0186,Wardrobing,0.93
RC-RTN-0187,RTN-0187,Empty Box,0.91
RC-RTN-0188,RTN-0188,Wardrobing,0.83
RC-RTN-0189,RTN-0189,Wardrobing,0.75
RC-RTN-0190,RTN-0190,Packaging Failure,0.98
RC-RTN-0191,RTN-0191,Counterfeit,0.85
RC-RTN-0192,RTN-0192,Packaging Failure,0.81
RC-RTN-0193,RTN-0193,Empty Box,0.91
RC-RTN-0194,RTN-0194,Sizing Accuracy,0.78
RC-RTN-0195,RTN-0195,Manufacturing Defect,0.92
RC-RTN-0196,RTN-0196,Wardrobing,0.91
RC-RTN-0197,RTN-0197,Wardrobing,0.87
RC-RTN-0198,RTN-0198,Counterfeit,0.84
RC-RTN-0199,RTN-0199,Counterfeit,0.85
RC-RTN-0200,RTN-0200,Wardrobing,0.91
RC-RTN-0201,RTN-0201,Sizing Accuracy,0.96
RC-RTN-0202,RTN-0202,Wardrobing,0.96
RC-RTN-0203,RTN-0203,Wardrobing,0.81
RC-RTN-0204,RTN-0204,Packaging Failure,0.97
RC-RTN-0205,RTN-0205,Manufacturing Defect,0.91
RC-RTN-0206,RTN-0206,Wardrobing,0.85
RC-RTN-0207,RTN-0207,Counterfeit,0.87
RC-RTN-0208,RTN-0208,Counterfeit,0.91
RC-RTN-0209,RTN-0209,Wardrobing,0.92
RC-RTN-0210,RTN-0210,Wardrobing,0.9
RC-RTN-0211,RTN-0211,Wardrobing,0.76
RC-RTN-0212,RTN-0212,Sizing Accuracy,0.78
RC-RTN-0213,RTN-0213,Packaging Failure,0.81
RC-RTN-0214,RTN-0214,Empty Box,0.84
RC-RTN-0215,RTN-0215,Wardrobing,0.82
RC-RTN-0216,RTN-0216,Wardrobing,0.76
RC-RTN-0217,RTN-0217,Wardrobing,0.93
RC-RTN-0218,RTN-0218,Counterfeit,0.95
RC-RTN-0219,RTN-0219,Empty Box,0.96
RC-RTN-0220,RTN-0220,Counterfeit,0.83
RC-RTN-0221,RTN-0221,Manufacturing Defect,0.87
RC-RTN-0222,RTN-0222,Wardrobing,0.96
RC-RTN-0223,RTN-0223,Manufacturing Defect,0.78
RC-RTN-0224,RTN-0224,Empty Box,0.8
RC-RTN-0225,RTN-0225,Sizing Accuracy,0.87
RC-RTN-0226,RTN-0226,Wardrobing,0.84
RC-RTN-0227,RTN-0227,Sizing Accuracy,0.82
RC-RTN-0228,RTN-0228,Wardrobing,0.93
RC-RTN-0229,RTN-0229,Wardrobing,0.83
RC-RTN-0230,RTN-0230,Wardrobing,0.86
RC-RTN-0231,RTN-0231,Empty Box,0.85
RC-RTN-0232,RTN-0232,Manufacturing Defect,0.9
RC-RTN-0233,RTN-0233,Wardrobing,0.84
RC-RTN-0234,RTN-0234,Wardrobing,0.8
RC-RTN-0235,RTN-0235,Counterfeit,0.94
RC-RTN-0236,RTN-0236,Packaging Failure,0.78
RC-RTN-0237,RTN-0237,Wardrobing,0.96
RC-RTN-0238,RTN-0238,Wardrobing,0.92
RC-RTN-0239,RTN-0239,Empty Box,0.89
RC-RTN-0240,RTN-0240,Counterfeit,0.87
RC-RTN-0241,RTN-0241,Wardrobing,0.83
RC-RTN-0242,RTN-0242,Packaging Failure,0.75
RC-RTN-0243,RTN-0243,Counterfeit,0.83
RC-RTN-0244,RTN-0244,Empty Box,0.88
RC-RTN-0245,RTN-0245,Sizing Accuracy,0.86
RC-RTN-0246,RTN-0246,Empty Box,0.77
RC-RTN-0247,RTN-0247,Packaging Failure,0.79
RC-RTN-0248,RTN-0248,Packaging Failure,0.9
RC-RTN-0249,RTN-0249,Packaging Failure,0.82
RC-RTN-0250,RTN-0250,Wardrobing,0.75
RC-RTN-0251,RTN-0251,Wardrobing,0.88
RC-RTN-0252,RTN-0252,Wardrobing,0.9
RC-RTN-0253,RTN-0253,Packaging Failure,0.94
RC-RTN-0254,RTN-0254,Empty Box,0.83
RC-RTN-0255,RTN-0255,Wardrobing,0.95
RC-RTN-0256,RTN-0256,Empty Box,0.98
RC-RTN-0257,RTN-0257,Packaging Failure,0.84
RC-RTN-0258,RTN-0258,Wardrobing,0.97
RC-RTN-0259,RTN-0259,Wardrobing,0.84
RC-RTN-0260,RTN-0260,Wardrobing,0.87
RC-RTN-0261,RTN-0261,Wardrobing,0.96
RC-RTN-0262,RTN-0262,Empty Box,0.94
RC-RTN-0263,RTN-0263,Wardrobing,0.96
RC-RTN-0264,RTN-0264,Manufacturing Defect,0.99
RC-RTN-0265,RTN-0265,Wardrobing,0.85
RC-RTN-0266,RTN-0266,Wardrobing,0.86
RC-RTN-0267,RTN-0267,Empty Box,0.81
RC-RTN-0268,RTN-0268,Packaging Failure,0.89
RC-RTN-0269,RTN-0269,Counterfeit,0.98
RC-RTN-0270,RTN-0270,Wardrobing,0.85
RC-RTN-0271,RTN-0271,Wardrobing,0.77
RC-RTN-0272,RTN-0272,Wardrobing,0.92
RC-RTN-0273,RTN-0273,Empty Box,0.92
RC-RTN-0274,RTN-0274,Empty Box,0.88
RC-RTN-0275,RTN-0275,Manufacturing Defect,0.78
RC-RTN-0276,RTN-0276,Sizing Accuracy,0.89
RC-RTN-0277,RTN-0277,Empty Box,0.99
RC-RTN-0278,RTN-0278,Wardrobing,0.78
RC-RTN-0279,RTN-0279,Packaging Failure,0.86
RC-RTN-0280,RTN-0280,Counterfeit,0.75
RC-RTN-0281,RTN-0281,Counterfeit,0.92
RC-RTN-0282,RTN-0282,Wardrobing,0.82
RC-RTN-0283,RTN-0283,Wardrobing,0.86
RC-RTN-0284,RTN-0284,Manufacturing Defect,0.85
RC-RTN-0285,RTN-0285,Counterfeit,0.98
RC-RTN-0286,RTN-0286,Sizing Accuracy,0.77
RC-RTN-0287,RTN-0287,Empty Box,0.93
RC-RTN-0288,RTN-0288,Manufacturing Defect,0.88
RC-RTN-0289,RTN-0289,Manufacturing Defect,0.93
RC-RTN-0290,RTN-0290,Wardrobing,0.87
RC-RTN-0291,RTN-0291,Packaging Failure,0.93
RC-RTN-0292,RTN-0292,Manufacturing Defect,0.98
RC-RTN-0293,RTN-0293,Sizing Accuracy,0.94
RC-RTN-0294,RTN-0294,Sizing Accuracy,0.8
RC-RTN-0295,RTN-0295,Manufacturing Defect,0.84
RC-RTN-0296,RTN-0296,Empty Box,0.75
RC-RTN-0297,RTN-0297,Packaging Failure,0.92
RC-RTN-0298,RTN-0298,Sizing Accuracy,0.85
RC-RTN-0299,RTN-0299,Sizing Accuracy,0.92
RC-RTN-0300,RTN-0300,Wardrobing,0.92
RC-RTN-0301,RTN-0301,Wardrobing,0.95
RC-RTN-0302,RTN-0302,Empty Box,0.81
RC-RTN-0303,RTN-0303,Packaging Failure,0.89
RC-RTN-0304,RTN-0304,Counterfeit,0.93
RC-RTN-0305,RTN-0305,Wardrobing,0.79
RC-RTN-0306,RTN-0306,Wardrobing,0.98
RC-RTN-0307,RTN-0307,Wardrobing,0.92
RC-RTN-0308,RTN-0308,Wardrobing,0.91
RC-RTN-0309,RTN-0309,Wardrobing,0.95
RC-RTN-0310,RTN-0310,Manufacturing Defect,0.94
RC-RTN-0311,RTN-0311,Wardrobing,0.95
RC-RTN-0312,RTN-0312,Wardrobing,0.85
RC-RTN-0313,RTN-0313,Wardrobing,0.8
RC-RTN-0314,RTN-0314,Manufacturing Defect,0.87
RC-RTN-0315,RTN-0315,Empty Box,0.97
RC-RTN-0316,RTN-0316,Empty Box,0.96
RC-RTN-0317,RTN-0317,Packaging Failure,0.95
RC-RTN-0318,RTN-0318,Wardrobing,0.82
RC-RTN-0319,RTN-0319,Manufacturing Defect,0.93
RC-RTN-0320,RTN-0320,Manufacturing Defect,0.93
RC-RTN-0321,RTN-0321,Manufacturing Defect,0.76
RC-RTN-0322,RTN-0322,Manufacturing Defect,0.8
RC-RTN-0323,RTN-0323,Manufacturing Defect,0.91
RC-RTN-0324,RTN-0324,Counterfeit,0.8
RC-RTN-0325,RTN-0325,Manufacturing Defect,0.79
RC-RTN-0326,RTN-0326,Sizing Accuracy,0.76
RC-RTN-0327,RTN-0327,Wardrobing,0.77
RC-RTN-0328,RTN-0328,Wardrobing,0.79
RC-RTN-0329,RTN-0329,Counterfeit,0.8
RC-RTN-0330,RTN-0330,Wardrobing,0.82
RC-RTN-0331,RTN-0331,Wardrobing,0.88
RC-RTN-0332,RTN-0332,Packaging Failure,0.94
RC-RTN-0333,RTN-0333,Wardrobing,0.81
RC-RTN-0334,RTN-0334,Wardrobing,0.87
RC-RTN-0335,RTN-0335,Wardrobing,0.87
RC-RTN-0336,RTN-0336,Packaging Failure,0.91
RC-RTN-0337,RTN-0337,Sizing Accuracy,0.87
RC-RTN-0338,RTN-0338,Wardrobing,0.93
RC-RTN-0339,RTN-0339,Counterfeit,0.93
RC-RTN-0340,RTN-0340,Empty Box,0.89
RC-RTN-0341,RTN-0341,Counterfeit,0.91
RC-RTN-0342,RTN-0342,Empty Box,0.95
RC-RTN-0343,RTN-0343,Packaging Failure,0.85
RC-RTN-0344,RTN-0344,Counterfeit,0.93
RC-RTN-0345,RTN-0345,Wardrobing,0.8
RC-RTN-0346,RTN-0346,Empty Box,0.93
RC-RTN-0347,RTN-0347,Counterfeit,0.89
RC-RTN-0348,RTN-0348,Wardrobing,0.83
RC-RTN-0349,RTN-0349,Sizing Accuracy,0.77
RC-RTN-0350,RTN-0350,Wardrobing,0.86
RC-RTN-0351,RTN-0351,Wardrobing,0.95
RC-RTN-0352,RTN-0352,Wardrobing,0.9
RC-RTN-0353,RTN-0353,Empty Box,0.83
RC-RTN-0354,RTN-0354,Manufacturing Defect,0.89
RC-RTN-0355,RTN-0355,Empty Box,0.84
RC-RTN-0356,RTN-0356,Wardrobing,0.9
RC-RTN-0357,RTN-0357,Empty Box,0.89
RC-RTN-0358,RTN-0358,Counterfeit,0.88
RC-RTN-0359,RTN-0359,Counterfeit,0.77
RC-RTN-0360,RTN-0360,Counterfeit,0.92
RC-RTN-0361,RTN-0361,Sizing Accuracy,0.93
RC-RTN-0362,RTN-0362,Packaging Failure,0.96
RC-RTN-0363,RTN-0363,Wardrobing,0.95
RC-RTN-0364,RTN-0364,Manufacturing Defect,0.88
RC-RTN-0365,RTN-0365,Empty Box,0.94
RC-RTN-0366,RTN-0366,Manufacturing Defect,0.84
RC-RTN-0367,RTN-0367,Packaging Failure,0.84
RC-RTN-0368,RTN-0368,Counterfeit,0.87
RC-RTN-0369,RTN-0369,Counterfeit,0.82
RC-RTN-0370,RTN-0370,Wardrobing,0.98
RC-RTN-0371,RTN-0371,Wardrobing,0.91
RC-RTN-0372,RTN-0372,Packaging Failure,0.84
RC-RTN-0373,RTN-0373,Wardrobing,0.92
RC-RTN-0374,RTN-0374,Empty Box,0.97
RC-RTN-0375,RTN-0375,Empty Box,0.77
RC-RTN-0376,RTN-0376,Sizing Accuracy,0.93
RC-RTN-0377,RTN-0377,Packaging Failure,0.82
RC-RTN-0378,RTN-0378,Packaging Failure,0.93
RC-RTN-0379,RTN-0379,Wardrobing,0.85
RC-RTN-0380,RTN-0380,Wardrobing,0.85
RC-RTN-0381,RTN-0381,Packaging Failure,0.92
RC-RTN-0382,RTN-0382,Packaging Failure,0.89
RC-RTN-0383,RTN-0383,Wardrobing,0.8
RC-RTN-0384,RTN-0384,Empty Box,0.86
RC-RTN-0385,RTN-0385,Counterfeit,0.81
RC-RTN-0386,RTN-0386,Wardrobing,0.75
RC-RTN-0387,RTN-0387,Wardrobing,0.9
RC-RTN-0388,RTN-0388,Counterfeit,0.98
RC-RTN-0389,RTN-0389,Wardrobing,0.93
RC-RTN-0390,RTN-0390,Packaging Failure,0.95
RC-RTN-0391,RTN-0391,Sizing Accuracy,0.86
RC-RTN-0392,RTN-0392,Wardrobing,0.8
RC-RTN-0393,RTN-0393,Packaging Failure,0.75
RC-RTN-0394,RTN-0394,Manufacturing Defect,0.91
RC-RTN-0395,RTN-0395,Wardrobing,0.93
RC-RTN-0396,RTN-0396,Wardrobing,0.77
RC-RTN-0397,RTN-0397,Manufacturing Defect,0.95
RC-RTN-0398,RTN-0398,Empty Box,0.95
RC-RTN-0399,RTN-0399,Wardrobing,0.86
RC-RTN-0400,RTN-0400,Empty Box,0.98
RC-RTN-0401,RTN-0401,Wardrobing,0.85
RC-RTN-0402,RTN-0402,Sizing Accuracy,0.96
RC-RTN-0403,RTN-0403,Counterfeit,0.88
RC-RTN-0404,RTN-0404,Counterfeit,0.94
RC-RTN-0405,RTN-0405,Empty Box,0.81
RC-RTN-0406,RTN-0406,Wardrobing,0.78
RC-RTN-0407,RTN-0407,Manufacturing Defect,0.81
RC-RTN-0408,RTN-0408,Packaging Failure,0.98
RC-RTN-0409,RTN-0409,Wardrobing,0.75
RC-RTN-0410,RTN-0410,Wardrobing,0.92
RC-RTN-0411,RTN-0411,Wardrobing,0.83
RC-RTN-0412,RTN-0412,Manufacturing Defect,0.87
RC-RTN-0413,RTN-0413,Manufacturing Defect,0.84
RC-RTN-0414,RTN-0414,Empty Box,0.87
RC-RTN-0415,RTN-0415,Wardrobing,0.79
RC-RTN-0416,RTN-0416,Counterfeit,0.98
RC-RTN-0417,RTN-0417,Wardrobing,0.93
RC-RTN-0418,RTN-0418,Manufacturing Defect,0.76
RC-RTN-0419,RTN-0419,Sizing Accuracy,0.8
RC-RTN-0420,RTN-0420,Packaging Failure,0.84
RC-RTN-0421,RTN-0421,Wardrobing,0.85
RC-RTN-0422,RTN-0422,Wardrobing,0.79
RC-RTN-0423,RTN-0423,Wardrobing,0.77
RC-RTN-0424,RTN-0424,Sizing Accuracy,0.94
RC-RTN-0425,RTN-0425,Sizing Accuracy,0.82
RC-RTN-0426,RTN-0426,Counterfeit,0.88
RC-RTN-0427,RTN-0427,Wardrobing,0.78
RC-RTN-0428,RTN-0428,Manufacturing Defect,0.93
RC-RTN-0429,RTN-0429,Wardrobing,0.89
RC-RTN-0430,RTN-0430,Manufacturing Defect,0.97
RC-RTN-0431,RTN-0431,Sizing Accuracy,0.87
RC-RTN-0432,RTN-0432,Wardrobing,0.89
RC-RTN-0433,RTN-0433,Wardrobing,0.75
RC-RTN-0434,RTN-0434,Counterfeit,0.97
RC-RTN-0435,RTN-0435,Packaging Failure,0.89
RC-RTN-0436,RTN-0436,Sizing Accuracy,0.97
RC-RTN-0437,RTN-0437,Counterfeit,0.93
RC-RTN-0438,RTN-0438,Counterfeit,0.86
RC-RTN-0439,RTN-0439,Wardrobing,0.98
RC-RTN-0440,RTN-0440,Packaging Failure,0.79
RC-RTN-0441,RTN-0441,Counterfeit,0.8
RC-RTN-0442,RTN-0442,Manufacturing Defect,0.8
RC-RTN-0443,RTN-0443,Packaging Failure,0.87
RC-RTN-0444,RTN-0444,Empty Box,0.9
RC-RTN-0445,RTN-0445,Wardrobing,0.85
RC-RTN-0446,RTN-0446,Wardrobing,0.91
RC-RTN-0447,RTN-0447,Wardrobing,0.96
RC-RTN-0448,RTN-0448,Wardrobing,0.97
RC-RTN-0449,RTN-0449,Packaging Failure,0.9
RC-RTN-0450,RTN-0450,Wardrobing,0.97
RC-RTN-0451,RTN-0451,Wardrobing,0.92
RC-RTN-0452,RTN-0452,Wardrobing,0.79
RC-RTN-0453,RTN-0453,Packaging Failure,0.8
RC-RTN-0454,RTN-0454,Wardrobing,0.82
RC-RTN-0455,RTN-0455,Wardrobing,0.92
RC-RTN-0456,RTN-0456,Sizing Accuracy,0.81
RC-RTN-0457,RTN-0457,Wardrobing,0.8
RC-RTN-0458,RTN-0458,Counterfeit,0.88
RC-RTN-0459,RTN-0459,Wardrobing,0.99
RC-RTN-0460,RTN-0460,Counterfeit,0.97
RC-RTN-0461,RTN-0461,Manufacturing Defect,0.81
RC-RTN-0462,RTN-0462,Sizing Accuracy,0.76
RC-RTN-0463,RTN-0463,Sizing Accuracy,0.77
RC-RTN-0464,RTN-0464,Counterfeit,0.77
RC-RTN-0465,RTN-0465,Manufacturing Defect,0.89
RC-RTN-0466,RTN-0466,Packaging Failure,0.8
RC-RTN-0467,RTN-0467,Wardrobing,0.77
RC-RTN-0468,RTN-0468,Manufacturing Defect,0.99
RC-RTN-0469,RTN-0469,Wardrobing,0.98
RC-RTN-0470,RTN-0470,Empty Box,0.77
RC-RTN-0471,RTN-0471,Counterfeit,0.79
RC-RTN-0472,RTN-0472,Manufacturing Defect,0.81
RC-RTN-0473,RTN-0473,Empty Box,0.78
RC-RTN-0474,RTN-0474,Wardrobing,0.97
RC-RTN-0475,RTN-0475,Empty Box,0.92
RC-RTN-0476,RTN-0476,Counterfeit,0.84
RC-RTN-0477,RTN-0477,Packaging Failure,0.98
RC-RTN-0478,RTN-0478,Empty Box,0.94
RC-RTN-0479,RTN-0479,Sizing Accuracy,0.77
RC-RTN-0480,RTN-0480,Wardrobing,0.78
RC-RTN-0481,RTN-0481,Empty Box,0.84
RC-RTN-0482,RTN-0482,Wardrobing,0.86
RC-RTN-0483,RTN-0483,Wardrobing,0.91
RC-RTN-0484,RTN-0484,Empty Box,0.76
RC-RTN-0485,RTN-0485,Empty Box,0.82
RC-RTN-0486,RTN-0486,Empty Box,0.76
RC-RTN-0487,RTN-0487,Counterfeit,0.92
RC-RTN-0488,RTN-0488,Wardrobing,0.93
RC-RTN-0489,RTN-0489,Packaging Failure,0.76
RC-RTN-0490,RTN-0490,Wardrobing,0.97
RC-RTN-0491,RTN-0491,Packaging Failure,0.76
RC-RTN-0492,RTN-0492,Wardrobing,0.9
RC-RTN-0493,RTN-0493,Manufacturing Defect,0.78
RC-RTN-0494,RTN-0494,Wardrobing,0.93
RC-RTN-0495,RTN-0495,Counterfeit,0.94
RC-RTN-0496,RTN-0496,Counterfeit,0.99
RC-RTN-0497,RTN-0497,Manufacturing Defect,0.8
RC-RTN-0498,RTN-0498,Sizing Accuracy,0.82
RC-RTN-0499,RTN-0499,Packaging Failure,0.88
RC-RTN-0500,RTN-0500,Sizing Accuracy,0.96
RC-RTN-0501,RTN-0501,Wardrobing,0.81
RC-RTN-0502,RTN-0502,Wardrobing,0.8
RC-RTN-0503,RTN-0503,Wardrobing,0.95
RC-RTN-0504,RTN-0504,Wardrobing,0.92
RC-RTN-0505,RTN-0505,Packaging Failure,0.79
RC-RTN-0506,RTN-0506,Wardrobing,0.91
RC-RTN-0507,RTN-0507,Sizing Accuracy,0.83
RC-RTN-0508,RTN-0508,Manufacturing Defect,0.88
RC-RTN-0509,RTN-0509,Wardrobing,0.88
RC-RTN-0510,RTN-0510,Counterfeit,0.92
RC-RTN-0511,RTN-0511,Wardrobing,0.8
RC-RTN-0512,RTN-0512,Manufacturing Defect,0.82
RC-RTN-0513,RTN-0513,Packaging Failure,0.84
RC-RTN-0514,RTN-0514,Counterfeit,0.8
RC-RTN-0515,RTN-0515,Empty Box,0.98
RC-RTN-0516,RTN-0516,Empty Box,0.75
RC-RTN-0517,RTN-0517,Wardrobing,0.86
RC-RTN-0518,RTN-0518,Manufacturing Defect,0.85
RC-RTN-0519,RTN-0519,Manufacturing Defect,0.94
RC-RTN-0520,RTN-0520,Sizing Accuracy,0.79
RC-RTN-0521,RTN-0521,Counterfeit,0.94
RC-RTN-0522,RTN-0522,Wardrobing,0.77
RC-RTN-0523,RTN-0523,Wardrobing,0.86
RC-RTN-0524,RTN-0524,Manufacturing Defect,0.81
RC-RTN-0525,RTN-0525,Packaging Failure,0.91
RC-RTN-0526,RTN-0526,Empty Box,0.75
RC-RTN-0527,RTN-0527,Sizing Accuracy,0.87
RC-RTN-0528,RTN-0528,Sizing Accuracy,0.8
RC-RTN-0529,RTN-0529,Empty Box,0.83
RC-RTN-0530,RTN-0530,Sizing Accuracy,0.97
RC-RTN-0531,RTN-0531,Wardrobing,0.86
RC-RTN-0532,RTN-0532,Packaging Failure,0.76
RC-RTN-0533,RTN-0533,Sizing Accuracy,0.89
RC-RTN-0534,RTN-0534,Sizing Accuracy,0.81
RC-RTN-0535,RTN-0535,Counterfeit,0.85
RC-RTN-0536,RTN-0536,Empty Box,0.89
RC-RTN-0537,RTN-0537,Counterfeit,0.78
RC-RTN-0538,RTN-0538,Packaging Failure,0.92
RC-RTN-0539,RTN-0539,Wardrobing,0.92
RC-RTN-0540,RTN-0540,Packaging Failure,0.93
RC-RTN-0541,RTN-0541,Manufacturing Defect,0.86
RC-RTN-0542,RTN-0542,Empty Box,0.84
RC-RTN-0543,RTN-0543,Sizing Accuracy,0.85
RC-RTN-0544,RTN-0544,Wardrobing,0.9
RC-RTN-0545,RTN-0545,Packaging Failure,0.8
RC-RTN-0546,RTN-0546,Wardrobing,0.86
RC-RTN-0547,RTN-0547,Counterfeit,0.96
RC-RTN-0548,RTN-0548,Packaging Failure,0.96
RC-RTN-0549,RTN-0549,Wardrobing,0.95
RC-RTN-0550,RTN-0550,Counterfeit,0.87
RC-RTN-0551,RTN-0551,Counterfeit,0.83
RC-RTN-0552,RTN-0552,Packaging Failure,0.86
RC-RTN-0553,RTN-0553,Manufacturing Defect,0.8
RC-RTN-0554,RTN-0554,Empty Box,0.86
RC-RTN-0555,RTN-0555,Wardrobing,0.78
RC-RTN-0556,RTN-0556,Packaging Failure,0.98
RC-RTN-0557,RTN-0557,Wardrobing,0.85
RC-RTN-0558,RTN-0558,Wardrobing,0.86
RC-RTN-0559,RTN-0559,Wardrobing,0.92
RC-RTN-0560,RTN-0560,Wardrobing,0.82
RC-RTN-0561,RTN-0561,Empty Box,0.78
RC-RTN-0562,RTN-0562,Wardrobing,0.77
RC-RTN-0563,RTN-0563,Manufacturing Defect,0.95
RC-RTN-0564,RTN-0564,Wardrobing,0.96
RC-RTN-0565,RTN-0565,Counterfeit,0.96
RC-RTN-0566,RTN-0566,Manufacturing Defect,0.76
RC-RTN-0567,RTN-0567,Wardrobing,0.78
RC-RTN-0568,RTN-0568,Wardrobing,0.97
RC-RTN-0569,RTN-0569,Sizing Accuracy,0.78
RC-RTN-0570,RTN-0570,Wardrobing,0.9
RC-RTN-0571,RTN-0571,Wardrobing,0.98
RC-RTN-0572,RTN-0572,Empty Box,0.83
RC-RTN-0573,RTN-0573,Wardrobing,0.95
RC-RTN-0574,RTN-0574,Wardrobing,0.96
RC-RTN-0575,RTN-0575,Wardrobing,0.95
RC-RTN-0576,RTN-0576,Manufacturing Defect,0.78
RC-RTN-0577,RTN-0577,Packaging Failure,0.79
RC-RTN-0578,RTN-0578,Wardrobing,0.87
RC-RTN-0579,RTN-0579,Wardrobing,0.76
RC-RTN-0580,RTN-0580,Counterfeit,0.81
RC-RTN-0581,RTN-0581,Wardrobing,0.79
RC-RTN-0582,RTN-0582,Sizing Accuracy,0.99
RC-RTN-0583,RTN-0583,Wardrobing,0.9
RC-RTN-0584,RTN-0584,Packaging Failure,0.91
RC-RTN-0585,RTN-0585,Manufacturing Defect,0.91
RC-RTN-0586,RTN-0586,Sizing Accuracy,0.91
RC-RTN-0587,RTN-0587,Sizing Accuracy,0.77
RC-RTN-0588,RTN-0588,Sizing Accuracy,0.86
RC-RTN-0589,RTN-0589,Wardrobing,0.75
RC-RTN-0590,RTN-0590,Packaging Failure,0.92
RC-RTN-0591,RTN-0591,Wardrobing,0.78
RC-RTN-0592,RTN-0592,Wardrobing,0.91
RC-RTN-0593,RTN-0593,Wardrobing,0.95
RC-RTN-0594,RTN-0594,Packaging Failure,0.78
RC-RTN-0595,RTN-0595,Counterfeit,0.76
RC-RTN-0596,RTN-0596,Sizing Accuracy,0.89
RC-RTN-0597,RTN-0597,Empty Box,0.98
RC-RTN-0598,RTN-0598,Counterfeit,0.96
RC-RTN-0599,RTN-0599,Wardrobing,0.91
RC-RTN-0600,RTN-0600,Wardrobing,0.9
RC-RTN-0601,RTN-0601,Manufacturing Defect,0.9
RC-RTN-0602,RTN-0602,Wardrobing,0.97
RC-RTN-0603,RTN-0603,Wardrobing,0.81
RC-RTN-0604,RTN-0604,Wardrobing,0.76
RC-RTN-0605,RTN-0605,Wardrobing,0.95
RC-RTN-0606,RTN-0606,Manufacturing Defect,0.78
RC-RTN-0607,RTN-0607,Wardrobing,0.96
RC-RTN-0608,RTN-0608,Counterfeit,0.88
RC-RTN-0609,RTN-0609,Wardrobing,0.92
RC-RTN-0610,RTN-0610,Counterfeit,0.86
RC-RTN-0611,RTN-0611,Sizing Accuracy,0.94
RC-RTN-0612,RTN-0612,Sizing Accuracy,0.8
RC-RTN-0613,RTN-0613,Wardrobing,0.94
RC-RTN-0614,RTN-0614,Packaging Failure,0.84
RC-RTN-0615,RTN-0615,Wardrobing,0.76
RC-RTN-0616,RTN-0616,Manufacturing Defect,0.94
RC-RTN-0617,RTN-0617,Packaging Failure,0.88
RC-RTN-0618,RTN-0618,Empty Box,0.85
RC-RTN-0619,RTN-0619,Wardrobing,0.91
RC-RTN-0620,RTN-0620,Manufacturing Defect,0.98
RC-RTN-0621,RTN-0621,Packaging Failure,0.85
RC-RTN-0622,RTN-0622,Wardrobing,0.88
RC-RTN-0623,RTN-0623,Counterfeit,0.99
RC-RTN-0624,RTN-0624,Counterfeit,0.8
RC-RTN-0625,RTN-0625,Sizing Accuracy,0.87
RC-RTN-0626,RTN-0626,Wardrobing,0.95
RC-RTN-0627,RTN-0627,Packaging Failure,0.79
RC-RTN-0628,RTN-0628,Manufacturing Defect,0.98
RC-RTN-0629,RTN-0629,Manufacturing Defect,0.97
RC-RTN-0630,RTN-0630,Counterfeit,0.95
RC-RTN-0631,RTN-0631,Empty Box,0.96
RC-RTN-0632,RTN-0632,Packaging Failure,0.79
RC-RTN-0633,RTN-0633,Packaging Failure,0.82
RC-RTN-0634,RTN-0634,Sizing Accuracy,0.95
RC-RTN-0635,RTN-0635,Counterfeit,0.8
RC-RTN-0636,RTN-0636,Sizing Accuracy,0.87
RC-RTN-0637,RTN-0637,Wardrobing,0.76
RC-RTN-0638,RTN-0638,Sizing Accuracy,0.96
RC-RTN-0639,RTN-0639,Empty Box,0.86
RC-RTN-0640,RTN-0640,Manufacturing Defect,0.82
RC-RTN-0641,RTN-0641,Sizing Accuracy,0.79
RC-RTN-0642,RTN-0642,Wardrobing,0.79
RC-RTN-0643,RTN-0643,Packaging Failure,0.93
RC-RTN-0644,RTN-0644,Sizing Accuracy,0.88
RC-RTN-0645,RTN-0645,Empty Box,0.91
RC-RTN-0646,RTN-0646,Wardrobing,0.94
RC-RTN-0647,RTN-0647,Manufacturing Defect,0.78
RC-RTN-0648,RTN-0648,Counterfeit,0.83
RC-RTN-0649,RTN-0649,Wardrobing,0.88
RC-RTN-0650,RTN-0650,Wardrobing,0.98
RC-RTN-0651,RTN-0651,Packaging Failure,0.97
RC-RTN-0652,RTN-0652,Empty Box,0.97
RC-RTN-0653,RTN-0653,Manufacturing Defect,0.83
RC-RTN-0654,RTN-0654,Counterfeit,0.91
RC-RTN-0655,RTN-0655,Empty Box,0.86
RC-RTN-0656,RTN-0656,Empty Box,0.89
RC-RTN-0657,RTN-0657,Sizing Accuracy,0.94
RC-RTN-0658,RTN-0658,Counterfeit,0.93
RC-RTN-0659,RTN-0659,Empty Box,0.92
RC-RTN-0660,RTN-0660,Wardrobing,0.89
RC-RTN-0661,RTN-0661,Wardrobing,0.78
RC-RTN-0662,RTN-0662,Wardrobing,0.93
RC-RTN-0663,RTN-0663,Sizing Accuracy,0.92
RC-RTN-0664,RTN-0664,Wardrobing,0.91
RC-RTN-0665,RTN-0665,Counterfeit,0.76
RC-RTN-0666,RTN-0666,Sizing Accuracy,0.76
RC-RTN-0667,RTN-0667,Wardrobing,0.93
RC-RTN-0668,RTN-0668,Wardrobing,0.81
RC-RTN-0669,RTN-0669,Sizing Accuracy,0.8
RC-RTN-0670,RTN-0670,Counterfeit,0.99
RC-RTN-0671,RTN-0671,Manufacturing Defect,0.79
RC-RTN-0672,RTN-0672,Sizing Accuracy,0.87
RC-RTN-0673,RTN-0673,Empty Box,0.86
RC-RTN-0674,RTN-0674,Sizing Accuracy,0.8
RC-RTN-0675,RTN-0675,Empty Box,0.83
RC-RTN-0676,RTN-0676,Manufacturing Defect,0.85
RC-RTN-0677,RTN-0677,Counterfeit,0.84
RC-RTN-0678,RTN-0678,Packaging Failure,0.9
RC-RTN-0679,RTN-0679,Wardrobing,0.94
RC-RTN-0680,RTN-0680,Empty Box,0.94
RC-RTN-0681,RTN-0681,Packaging Failure,0.97
RC-RTN-0682,RTN-0682,Empty Box,0.83
RC-RTN-0683,RTN-0683,Counterfeit,0.76
RC-RTN-0684,RTN-0684,Wardrobing,0.88
RC-RTN-0685,RTN-0685,Counterfeit,0.91
RC-RTN-0686,RTN-0686,Packaging Failure,0.77
RC-RTN-0687,RTN-0687,Counterfeit,0.9
RC-RTN-0688,RTN-0688,Empty Box,0.89
RC-RTN-0689,RTN-0689,Manufacturing Defect,0.8
RC-RTN-0690,RTN-0690,Empty Box,0.85
RC-RTN-0691,RTN-0691,Packaging Failure,0.85
RC-RTN-0692,RTN-0692,Empty Box,0.95
RC-RTN-0693,RTN-0693,Sizing Accuracy,0.93
RC-RTN-0694,RTN-0694,Counterfeit,0.82
RC-RTN-0695,RTN-0695,Empty Box,0.78
RC-RTN-0696,RTN-0696,Empty Box,0.88
RC-RTN-0697,RTN-0697,Wardrobing,0.91
RC-RTN-0698,RTN-0698,Wardrobing,0.82
RC-RTN-0699,RTN-0699,Wardrobing,0.78
RC-RTN-0700,RTN-0700,Wardrobing,0.89
RC-RTN-0701,RTN-0701,Packaging Failure,0.86
RC-RTN-0702,RTN-0702,Counterfeit,0.99
RC-RTN-0703,RTN-0703,Empty Box,0.85
RC-RTN-0704,RTN-0704,Manufacturing Defect,0.96
RC-RTN-0705,RTN-0705,Sizing Accuracy,0.94
RC-RTN-0706,RTN-0706,Empty Box,0.97
RC-RTN-0707,RTN-0707,Packaging Failure,0.84
RC-RTN-0708,RTN-0708,Empty Box,0.93
RC-RTN-0709,RTN-0709,Sizing Accuracy,0.77
RC-RTN-0710,RTN-0710,Wardrobing,0.83
RC-RTN-0711,RTN-0711,Wardrobing,0.77
RC-RTN-0712,RTN-0712,Wardrobing,0.95
RC-RTN-0713,RTN-0713,Counterfeit,0.91
RC-RTN-0714,RTN-0714,Empty Box,0.89
RC-RTN-0715,RTN-0715,Wardrobing,0.86
RC-RTN-0716,RTN-0716,Packaging Failure,0.81
RC-RTN-0717,RTN-0717,Manufacturing Defect,0.76
RC-RTN-0718,RTN-0718,Counterfeit,0.99
RC-RTN-0719,RTN-0719,Counterfeit,0.83
RC-RTN-0720,RTN-0720,Packaging Failure,0.78
RC-RTN-0721,RTN-0721,Counterfeit,0.8
RC-RTN-0722,RTN-0722,Counterfeit,0.91
RC-RTN-0723,RTN-0723,Packaging Failure,0.77
RC-RTN-0724,RTN-0724,Manufacturing Defect,0.88
RC-RTN-0725,RTN-0725,Counterfeit,0.83
RC-RTN-0726,RTN-0726,Packaging Failure,0.81
RC-RTN-0727,RTN-0727,Wardrobing,0.89
RC-RTN-0728,RTN-0728,Wardrobing,0.76
RC-RTN-0729,RTN-0729,Empty Box,0.9
RC-RTN-0730,RTN-0730,Wardrobing,0.98
RC-RTN-0731,RTN-0731,Sizing Accuracy,0.76
RC-RTN-0732,RTN-0732,Packaging Failure,0.83
RC-RTN-0733,RTN-0733,Wardrobing,0.87
RC-RTN-0734,RTN-0734,Wardrobing,0.76
RC-RTN-0735,RTN-0735,Empty Box,0.82
RC-RTN-0736,RTN-0736,Wardrobing,0.96
RC-RTN-0737,RTN-0737,Packaging Failure,0.85
RC-RTN-0738,RTN-0738,Wardrobing,0.76
RC-RTN-0739,RTN-0739,Manufacturing Defect,0.92
RC-RTN-0740,RTN-0740,Wardrobing,0.85
RC-RTN-0741,RTN-0741,Packaging Failure,0.85
RC-RTN-0742,RTN-0742,Manufacturing Defect,0.75
RC-RTN-0743,RTN-0743,Manufacturing Defect,0.94
RC-RTN-0744,RTN-0744,Sizing Accuracy,0.79
RC-RTN-0745,RTN-0745,Wardrobing,0.85
RC-RTN-0746,RTN-0746,Sizing Accuracy,0.77
RC-RTN-0747,RTN-0747,Empty Box,0.93
RC-RTN-0748,RTN-0748,Wardrobing,0.92
RC-RTN-0749,RTN-0749,Packaging Failure,0.79
RC-RTN-0750,RTN-0750,Sizing Accuracy,0.98
RC-RTN-0751,RTN-0751,Empty Box,0.95
RC-RTN-0752,RTN-0752,Manufacturing Defect,0.8
RC-RTN-0753,RTN-0753,Empty Box,0.93
RC-RTN-0754,RTN-0754,Sizing Accuracy,0.81
RC-RTN-0755,RTN-0755,Wardrobing,0.84
RC-RTN-0756,RTN-0756,Manufacturing Defect,0.78
RC-RTN-0757,RTN-0757,Wardrobing,0.87
RC-RTN-0758,RTN-0758,Counterfeit,0.8
RC-RTN-0759,RTN-0759,Packaging Failure,0.92
RC-RTN-0760,RTN-0760,Wardrobing,0.85
RC-RTN-0761,RTN-0761,Wardrobing,0.94
RC-RTN-0762,RTN-0762,Wardrobing,0.92
RC-RTN-0763,RTN-0763,Counterfeit,0.8
RC-RTN-0764,RTN-0764,Packaging Failure,0.75
RC-RTN-0765,RTN-0765,Wardrobing,0.89
RC-RTN-0766,RTN-0766,Sizing Accuracy,0.86
RC-RTN-0767,RTN-0767,Wardrobing,0.88
RC-RTN-0768,RTN-0768,Wardrobing,0.79
RC-RTN-0769,RTN-0769,Sizing Accuracy,0.81
RC-RTN-0770,RTN-0770,Wardrobing,0.88
RC-RTN-0771,RTN-0771,Wardrobing,0.82
RC-RTN-0772,RTN-0772,Packaging Failure,0.81
RC-RTN-0773,RTN-0773,Packaging Failure,0.88
RC-RTN-0774,RTN-0774,Sizing Accuracy,0.95
RC-RTN-0775,RTN-0775,Manufacturing Defect,0.96
RC-RTN-0776,RTN-0776,Manufacturing Defect,0.79
RC-RTN-0777,RTN-0777,Manufacturing Defect,0.97
RC-RTN-0778,RTN-0778,Packaging Failure,0.84
RC-RTN-0779,RTN-0779,Wardrobing,0.95
RC-RTN-0780,RTN-0780,Counterfeit,0.85
RC-RTN-0781,RTN-0781,Packaging Failure,0.84
RC-RTN-0782,RTN-0782,Manufacturing Defect,0.81
RC-RTN-0783,RTN-0783,Wardrobing,0.92
RC-RTN-0784,RTN-0784,Wardrobing,0.76
RC-RTN-0785,RTN-0785,Packaging Failure,0.78
RC-RTN-0786,RTN-0786,Wardrobing,0.87
RC-RTN-0787,RTN-0787,Counterfeit,0.76
RC-RTN-0788,RTN-0788,Wardrobing,0.92
RC-RTN-0789,RTN-0789,Wardrobing,0.75
RC-RTN-0790,RTN-0790,Sizing Accuracy,0.91
RC-RTN-0791,RTN-0791,Counterfeit,0.89
RC-RTN-0792,RTN-0792,Sizing Accuracy,0.82
RC-RTN-0793,RTN-0793,Wardrobing,0.77
RC-RTN-0794,RTN-0794,Wardrobing,0.76
RC-RTN-0795,RTN-0795,Wardrobing,0.89
RC-RTN-0796,RTN-0796,Wardrobing,0.8
RC-RTN-0797,RTN-0797,Counterfeit,0.89
RC-RTN-0798,RTN-0798,Empty Box,0.96
RC-RTN-0799,RTN-0799,Counterfeit,0.82
RC-RTN-0800,RTN-0800,Wardrobing,0.9
RC-RTN-0801,RTN-0801,Wardrobing,0.81
RC-RTN-0802,RTN-0802,Sizing Accuracy,0.89
RC-RTN-0803,RTN-0803,Wardrobing,0.92
RC-RTN-0804,RTN-0804,Sizing Accuracy,0.8
RC-RTN-0805,RTN-0805,Manufacturing Defect,0.91
RC-RTN-0806,RTN-0806,Empty Box,0.78
RC-RTN-0807,RTN-0807,Wardrobing,0.85
RC-RTN-0808,RTN-0808,Counterfeit,0.8
RC-RTN-0809,RTN-0809,Counterfeit,0.91
RC-RTN-0810,RTN-0810,Wardrobing,0.8
RC-RTN-0811,RTN-0811,Empty Box,0.93
RC-RTN-0812,RTN-0812,Packaging Failure,0.83
RC-RTN-0813,RTN-0813,Wardrobing,0.78
RC-RTN-0814,RTN-0814,Wardrobing,0.9
RC-RTN-0815,RTN-0815,Manufacturing Defect,0.94
RC-RTN-0816,RTN-0816,Sizing Accuracy,0.91
RC-RTN-0817,RTN-0817,Sizing Accuracy,0.92
RC-RTN-0818,RTN-0818,Wardrobing,0.76
RC-RTN-0819,RTN-0819,Manufacturing Defect,0.77
RC-RTN-0820,RTN-0820,Counterfeit,0.83
RC-RTN-0821,RTN-0821,Empty Box,0.86
RC-RTN-0822,RTN-0822,Counterfeit,0.95
RC-RTN-0823,RTN-0823,Counterfeit,0.85
RC-RTN-0824,RTN-0824,Sizing Accuracy,0.89
RC-RTN-0825,RTN-0825,Empty Box,0.88
RC-RTN-0826,RTN-0826,Counterfeit,0.78
RC-RTN-0827,RTN-0827,Counterfeit,0.92
RC-RTN-0828,RTN-0828,Wardrobing,0.93
RC-RTN-0829,RTN-0829,Manufacturing Defect,0.87
RC-RTN-0830,RTN-0830,Packaging Failure,0.81
RC-RTN-0831,RTN-0831,Wardrobing,0.95
RC-RTN-0832,RTN-0832,Empty Box,0.9
RC-RTN-0833,RTN-0833,Manufacturing Defect,0.85
RC-RTN-0834,RTN-0834,Counterfeit,0.83
RC-RTN-0835,RTN-0835,Manufacturing Defect,0.85
RC-RTN-0836,RTN-0836,Manufacturing Defect,0.98
RC-RTN-0837,RTN-0837,Sizing Accuracy,0.9
RC-RTN-0838,RTN-0838,Wardrobing,0.92
RC-RTN-0839,RTN-0839,Sizing Accuracy,0.92
RC-RTN-0840,RTN-0840,Sizing Accuracy,0.86
RC-RTN-0841,RTN-0841,Sizing Accuracy,0.79
RC-RTN-0842,RTN-0842,Wardrobing,0.88
RC-RTN-0843,RTN-0843,Manufacturing Defect,0.97
RC-RTN-0844,RTN-0844,Wardrobing,0.79
RC-RTN-0845,RTN-0845,Packaging Failure,0.83
RC-RTN-0846,RTN-0846,Counterfeit,0.97
RC-RTN-0847,RTN-0847,Wardrobing,0.87
RC-RTN-0848,RTN-0848,Empty Box,0.91
RC-RTN-0849,RTN-0849,Wardrobing,0.8
RC-RTN-0850,RTN-0850,Packaging Failure,0.87
RC-RTN-0851,RTN-0851,Sizing Accuracy,0.88
RC-RTN-0852,RTN-0852,Manufacturing Defect,0.94
RC-RTN-0853,RTN-0853,Counterfeit,0.82
RC-RTN-0854,RTN-0854,Counterfeit,0.78
RC-RTN-0855,RTN-0855,Wardrobing,0.9
RC-RTN-0856,RTN-0856,Sizing Accuracy,0.97
RC-RTN-0857,RTN-0857,Wardrobing,0.77
RC-RTN-0858,RTN-0858,Packaging Failure,0.95
RC-RTN-0859,RTN-0859,Wardrobing,0.94
RC-RTN-0860,RTN-0860,Empty Box,0.84
RC-RTN-0861,RTN-0861,Wardrobing,0.96
RC-RTN-0862,RTN-0862,Sizing Accuracy,0.91
RC-RTN-0863,RTN-0863,Counterfeit,0.88
RC-RTN-0864,RTN-0864,Packaging Failure,0.9
RC-RTN-0865,RTN-0865,Empty Box,0.9
RC-RTN-0866,RTN-0866,Empty Box,0.93
RC-RTN-0867,RTN-0867,Wardrobing,0.95
RC-RTN-0868,RTN-0868,Packaging Failure,0.78
RC-RTN-0869,RTN-0869,Wardrobing,0.8
RC-RTN-0870,RTN-0870,Manufacturing Defect,0.93
RC-RTN-0871,RTN-0871,Manufacturing Defect,0.8
RC-RTN-0872,RTN-0872,Counterfeit,0.79
RC-RTN-0873,RTN-0873,Manufacturing Defect,0.98
RC-RTN-0874,RTN-0874,Wardrobing,0.84
RC-RTN-0875,RTN-0875,Counterfeit,0.96
RC-RTN-0876,RTN-0876,Wardrobing,0.89
RC-RTN-0877,RTN-0877,Sizing Accuracy,0.99
RC-RTN-0878,RTN-0878,Empty Box,0.98
RC-RTN-0879,RTN-0879,Manufacturing Defect,0.94
RC-RTN-0880,RTN-0880,Manufacturing Defect,0.8
RC-RTN-0881,RTN-0881,Empty Box,0.91
RC-RTN-0882,RTN-0882,Manufacturing Defect,0.82
RC-RTN-0883,RTN-0883,Wardrobing,0.97
RC-RTN-0884,RTN-0884,Wardrobing,0.86
RC-RTN-0885,RTN-0885,Counterfeit,0.9
RC-RTN-0886,RTN-0886,Sizing Accuracy,0.91
RC-RTN-0887,RTN-0887,Packaging Failure,0.77
RC-RTN-0888,RTN-0888,Wardrobing,0.98
RC-RTN-0889,RTN-0889,Empty Box,0.79
RC-RTN-0890,RTN-0890,Wardrobing,0.93
RC-RTN-0891,RTN-0891,Sizing Accuracy,0.83
RC-RTN-0892,RTN-0892,Counterfeit,0.94
RC-RTN-0893,RTN-0893,Counterfeit,0.82
RC-RTN-0894,RTN-0894,Sizing Accuracy,0.88
RC-RTN-0895,RTN-0895,Manufacturing Defect,0.86
RC-RTN-0896,RTN-0896,Manufacturing Defect,0.91
RC-RTN-0897,RTN-0897,Packaging Failure,0.84
RC-RTN-0898,RTN-0898,Manufacturing Defect,0.93
RC-RTN-0899,RTN-0899,Wardrobing,0.8
RC-RTN-0900,RTN-0900,Sizing Accuracy,0.95
RC-RTN-0901,RTN-0901,Counterfeit,0.86
RC-RTN-0902,RTN-0902,Empty Box,0.99
RC-RTN-0903,RTN-0903,Packaging Failure,0.97
RC-RTN-0904,RTN-0904,Wardrobing,0.89
RC-RTN-0905,RTN-0905,Counterfeit,0.84
RC-RTN-0906,RTN-0906,Empty Box,0.93
RC-RTN-0907,RTN-0907,Packaging Failure,0.96
RC-RTN-0908,RTN-0908,Sizing Accuracy,0.96
RC-RTN-0909,RTN-0909,Wardrobing,0.91
RC-RTN-0910,RTN-0910,Packaging Failure,0.77
RC-RTN-0911,RTN-0911,Counterfeit,0.83
RC-RTN-0912,RTN-0912,Packaging Failure,0.98
RC-RTN-0913,RTN-0913,Wardrobing,0.83
RC-RTN-0914,RTN-0914,Wardrobing,0.77
RC-RTN-0915,RTN-0915,Wardrobing,0.82
RC-RTN-0916,RTN-0916,Counterfeit,0.86
RC-RTN-0917,RTN-0917,Packaging Failure,0.83
RC-RTN-0918,RTN-0918,Sizing Accuracy,0.82
RC-RTN-0919,RTN-0919,Wardrobing,0.97
RC-RTN-0920,RTN-0920,Empty Box,0.9
RC-RTN-0921,RTN-0921,Wardrobing,0.77
RC-RTN-0922,RTN-0922,Sizing Accuracy,0.95
RC-RTN-0923,RTN-0923,Empty Box,0.98
RC-RTN-0924,RTN-0924,Sizing Accuracy,0.77
RC-RTN-0925,RTN-0925,Packaging Failure,0.85
RC-RTN-0926,RTN-0926,Wardrobing,0.93
RC-RTN-0927,RTN-0927,Wardrobing,0.94
RC-RTN-0928,RTN-0928,Empty Box,0.98
RC-RTN-0929,RTN-0929,Wardrobing,0.75
RC-RTN-0930,RTN-0930,Packaging Failure,0.78
RC-RTN-0931,RTN-0931,Counterfeit,0.84
RC-RTN-0932,RTN-0932,Manufacturing Defect,0.83
RC-RTN-0933,RTN-0933,Wardrobing,0.86
RC-RTN-0934,RTN-0934,Wardrobing,0.96
RC-RTN-0935,RTN-0935,Wardrobing,0.8
RC-RTN-0936,RTN-0936,Counterfeit,0.78
RC-RTN-0937,RTN-0937,Manufacturing Defect,0.78
RC-RTN-0938,RTN-0938,Counterfeit,0.9
RC-RTN-0939,RTN-0939,Wardrobing,0.98
RC-RTN-0940,RTN-0940,Sizing Accuracy,0.84
RC-RTN-0941,RTN-0941,Packaging Failure,0.78
RC-RTN-0942,RTN-0942,Counterfeit,0.83
RC-RTN-0943,RTN-0943,Wardrobing,0.82
RC-RTN-0944,RTN-0944,Counterfeit,0.89
RC-RTN-0945,RTN-0945,Packaging Failure,0.92
RC-RTN-0946,RTN-0946,Wardrobing,0.83
RC-RTN-0947,RTN-0947,Counterfeit,0.93
RC-RTN-0948,RTN-0948,Sizing Accuracy,0.79
RC-RTN-0949,RTN-0949,Wardrobing,0.92
RC-RTN-0950,RTN-0950,Wardrobing,0.77
RC-RTN-0951,RTN-0951,Packaging Failure,0.97
RC-RTN-0952,RTN-0952,Wardrobing,0.97
RC-RTN-0953,RTN-0953,Packaging Failure,0.79
RC-RTN-0954,RTN-0954,Manufacturing Defect,0.92
RC-RTN-0955,RTN-0955,Packaging Failure,0.92
RC-RTN-0956,RTN-0956,Empty Box,0.94
RC-RTN-0957,RTN-0957,Sizing Accuracy,0.92
RC-RTN-0958,RTN-0958,Counterfeit,0.83
RC-RTN-0959,RTN-0959,Empty Box,0.85
RC-RTN-0960,RTN-0960,Wardrobing,0.78
RC-RTN-0961,RTN-0961,Manufacturing Defect,0.87
RC-RTN-0962,RTN-0962,Wardrobing,0.86
RC-RTN-0963,RTN-0963,Manufacturing Defect,0.75
RC-RTN-0964,RTN-0964,Empty Box,0.78
RC-RTN-0965,RTN-0965,Wardrobing,0.84
RC-RTN-0966,RTN-0966,Counterfeit,0.83
RC-RTN-0967,RTN-0967,Manufacturing Defect,0.97
RC-RTN-0968,RTN-0968,Empty Box,0.87
RC-RTN-0969,RTN-0969,Empty Box,0.95
RC-RTN-0970,RTN-0970,Counterfeit,0.84
RC-RTN-0971,RTN-0971,Sizing Accuracy,0.78
RC-RTN-0972,RTN-0972,Empty Box,0.95
RC-RTN-0973,RTN-0973,Packaging Failure,0.89
RC-RTN-0974,RTN-0974,Sizing Accuracy,0.85
RC-RTN-0975,RTN-0975,Wardrobing,0.75
RC-RTN-0976,RTN-0976,Empty Box,0.96
RC-RTN-0977,RTN-0977,Wardrobing,0.78
RC-RTN-0978,RTN-0978,Packaging Failure,0.87
RC-RTN-0979,RTN-0979,Packaging Failure,0.98
RC-RTN-0980,RTN-0980,Empty Box,0.87
RC-RTN-0981,RTN-0981,Sizing Accuracy,0.79
RC-RTN-0982,RTN-0982,Counterfeit,0.92
RC-RTN-0983,RTN-0983,Manufacturing Defect,0.82
RC-RTN-0984,RTN-0984,Counterfeit,0.8
RC-RTN-0985,RTN-0985,Wardrobing,0.81
RC-RTN-0986,RTN-0986,Wardrobing,0.83
RC-RTN-0987,RTN-0987,Counterfeit,0.82
RC-RTN-0988,RTN-0988,Wardrobing,0.83
RC-RTN-0989,RTN-0989,Packaging Failure,0.89
RC-RTN-0990,RTN-0990,Wardrobing,0.96
RC-RTN-0991,RTN-0991,Wardrobing,0.79
RC-RTN-0992,RTN-0992,Counterfeit,0.83
RC-RTN-0993,RTN-0993,Packaging Failure,0.88
RC-RTN-0994,RTN-0994,Wardrobing,0.86
RC-RTN-0995,RTN-0995,Wardrobing,0.93
RC-RTN-0996,RTN-0996,Manufacturing Defect,0.99
RC-RTN-0997,RTN-0997,Empty Box,0.86
RC-RTN-0998,RTN-0998,Manufacturing Defect,0.78
RC-RTN-0999,RTN-0999,Wardrobing,0.93
RC-RTN-1000,RTN-1000,Manufacturing Defect,0.89
RC-RTN-1001,RTN-1001,Counterfeit,0.79
RC-RTN-1002,RTN-1002,Wardrobing,0.92
RC-RTN-1003,RTN-1003,Manufacturing Defect,0.77
RC-RTN-1004,RTN-1004,Manufacturing Defect,0.82
RC-RTN-1005,RTN-1005,Manufacturing Defect,0.88
RC-RTN-1006,RTN-1006,Manufacturing Defect,0.96
RC-RTN-1007,RTN-1007,Empty Box,0.88
RC-RTN-1008,RTN-1008,Empty Box,0.89
RC-RTN-1009,RTN-1009,Wardrobing,0.97
RC-RTN-1010,RTN-1010,Sizing Accuracy,0.82
RC-RTN-1011,RTN-1011,Empty Box,0.89
RC-RTN-1012,RTN-1012,Wardrobing,0.99
RC-RTN-1013,RTN-1013,Sizing Accuracy,0.95
RC-RTN-1014,RTN-1014,Sizing Accuracy,0.96
RC-RTN-1015,RTN-1015,Manufacturing Defect,0.96
RC-RTN-1016,RTN-1016,Manufacturing Defect,0.78
RC-RTN-1017,RTN-1017,Counterfeit,0.78
RC-RTN-1018,RTN-1018,Wardrobing,0.87
RC-RTN-1019,RTN-1019,Manufacturing Defect,0.83
RC-RTN-1020,RTN-1020,Wardrobing,0.83
RC-RTN-1021,RTN-1021,Wardrobing,0.75
RC-RTN-1022,RTN-1022,Sizing Accuracy,0.92
RC-RTN-1023,RTN-1023,Wardrobing,0.81
RC-RTN-1024,RTN-1024,Wardrobing,0.98
RC-RTN-1025,RTN-1025,Counterfeit,0.93
RC-RTN-1026,RTN-1026,Wardrobing,0.99
RC-RTN-1027,RTN-1027,Manufacturing Defect,0.76
RC-RTN-1028,RTN-1028,Packaging Failure,0.99
RC-RTN-1029,RTN-1029,Counterfeit,0.83
RC-RTN-1030,RTN-1030,Wardrobing,0.93
RC-RTN-1031,RTN-1031,Empty Box,0.86
RC-RTN-1032,RTN-1032,Empty Box,0.75
RC-RTN-1033,RTN-1033,Wardrobing,0.81
RC-RTN-1034,RTN-1034,Counterfeit,0.84
RC-RTN-1035,RTN-1035,Wardrobing,0.81
RC-RTN-1036,RTN-1036,Packaging Failure,0.76
RC-RTN-1037,RTN-1037,Wardrobing,0.82
RC-RTN-1038,RTN-1038,Wardrobing,0.81
RC-RTN-1039,RTN-1039,Empty Box,0.96
RC-RTN-1040,RTN-1040,Empty Box,0.96
RC-RTN-1041,RTN-1041,Manufacturing Defect,0.85
RC-RTN-1042,RTN-1042,Wardrobing,0.81
RC-RTN-1043,RTN-1043,Manufacturing Defect,0.86
RC-RTN-1044,RTN-1044,Sizing Accuracy,0.84
RC-RTN-1045,RTN-1045,Empty Box,0.8
RC-RTN-1046,RTN-1046,Wardrobing,0.81
RC-RTN-1047,RTN-1047,Packaging Failure,0.77
RC-RTN-1048,RTN-1048,Manufacturing Defect,0.76
RC-RTN-1049,RTN-1049,Counterfeit,0.89
RC-RTN-1050,RTN-1050,Sizing Accuracy,0.79
RC-RTN-1051,RTN-1051,Manufacturing Defect,0.82
RC-RTN-1052,RTN-1052,Counterfeit,0.81
RC-RTN-1053,RTN-1053,Wardrobing,0.99
RC-RTN-1054,RTN-1054,Wardrobing,0.86
RC-RTN-1055,RTN-1055,Manufacturing Defect,0.93
RC-RTN-1056,RTN-1056,Packaging Failure,0.8
RC-RTN-1057,RTN-1057,Empty Box,0.91
RC-RTN-1058,RTN-1058,Empty Box,0.86
RC-RTN-1059,RTN-1059,Wardrobing,0.97
RC-RTN-1060,RTN-1060,Wardrobing,0.82
RC-RTN-1061,RTN-1061,Counterfeit,0.81
RC-RTN-1062,RTN-1062,Counterfeit,0.97
RC-RTN-1063,RTN-1063,Empty Box,0.94
RC-RTN-1064,RTN-1064,Empty Box,0.86
RC-RTN-1065,RTN-1065,Counterfeit,0.84
RC-RTN-1066,RTN-1066,Counterfeit,0.9
RC-RTN-1067,RTN-1067,Empty Box,0.75
RC-RTN-1068,RTN-1068,Wardrobing,0.76
RC-RTN-1069,RTN-1069,Wardrobing,0.76
RC-RTN-1070,RTN-1070,Sizing Accuracy,0.89
RC-RTN-1071,RTN-1071,Empty Box,0.96
RC-RTN-1072,RTN-1072,Wardrobing,0.86
RC-RTN-1073,RTN-1073,Sizing Accuracy,0.93
RC-RTN-1074,RTN-1074,Manufacturing Defect,0.81
RC-RTN-1075,RTN-1075,Sizing Accuracy,0.76
RC-RTN-1076,RTN-1076,Wardrobing,0.91
RC-RTN-1077,RTN-1077,Manufacturing Defect,0.93
RC-RTN-1078,RTN-1078,Manufacturing Defect,0.79
RC-RTN-1079,RTN-1079,Packaging Failure,0.92
RC-RTN-1080,RTN-1080,Counterfeit,0.77
RC-RTN-1081,RTN-1081,Sizing Accuracy,0.84
RC-RTN-1082,RTN-1082,Counterfeit,0.88
RC-RTN-1083,RTN-1083,Sizing Accuracy,0.93
RC-RTN-1084,RTN-1084,Packaging Failure,0.75
RC-RTN-1085,RTN-1085,Manufacturing Defect,0.9
RC-RTN-1086,RTN-1086,Sizing Accuracy,0.87
RC-RTN-1087,RTN-1087,Wardrobing,0.8
RC-RTN-1088,RTN-1088,Wardrobing,0.76
RC-RTN-1089,RTN-1089,Counterfeit,0.95
RC-RTN-1090,RTN-1090,Empty Box,0.88
RC-RTN-1091,RTN-1091,Empty Box,0.87
RC-RTN-1092,RTN-1092,Manufacturing Defect,0.92
RC-RTN-1093,RTN-1093,Packaging Failure,0.87
RC-RTN-1094,RTN-1094,Sizing Accuracy,0.99
RC-RTN-1095,RTN-1095,Wardrobing,0.78
RC-RTN-1096,RTN-1096,Empty Box,0.82
RC-RTN-1097,RTN-1097,Wardrobing,0.97
RC-RTN-1098,RTN-1098,Manufacturing Defect,0.76
RC-RTN-1099,RTN-1099,Wardrobing,0.99
RC-RTN-1100,RTN-1100,Manufacturing Defect,0.93
RC-RTN-1101,RTN-1101,Empty Box,0.99
RC-RTN-1102,RTN-1102,Empty Box,0.87
RC-RTN-1103,RTN-1103,Sizing Accuracy,0.96
RC-RTN-1104,RTN-1104,Empty Box,0.75
RC-RTN-1105,RTN-1105,Empty Box,0.8
RC-RTN-1106,RTN-1106,Manufacturing Defect,0.81
RC-RTN-1107,RTN-1107,Counterfeit,0.91
RC-RTN-1108,RTN-1108,Sizing Accuracy,0.78
RC-RTN-1109,RTN-1109,Packaging Failure,0.95
RC-RTN-1110,RTN-1110,Packaging Failure,0.87
RC-RTN-1111,RTN-1111,Wardrobing,0.76
RC-RTN-1112,RTN-1112,Sizing Accuracy,0.96
RC-RTN-1113,RTN-1113,Packaging Failure,0.8
RC-RTN-1114,RTN-1114,Packaging Failure,0.76
RC-RTN-1115,RTN-1115,Packaging Failure,0.97
RC-RTN-1116,RTN-1116,Empty Box,0.97
RC-RTN-1117,RTN-1117,Wardrobing,0.89
RC-RTN-1118,RTN-1118,Wardrobing,0.77
RC-RTN-1119,RTN-1119,Wardrobing,0.77
RC-RTN-1120,RTN-1120,Empty Box,0.77
RC-RTN-1121,RTN-1121,Wardrobing,0.87
RC-RTN-1122,RTN-1122,Empty Box,0.88
RC-RTN-1123,RTN-1123,Wardrobing,0.97
RC-RTN-1124,RTN-1124,Manufacturing Defect,0.85
RC-RTN-1125,RTN-1125,Counterfeit,0.79
RC-RTN-1126,RTN-1126,Manufacturing Defect,0.8
RC-RTN-1127,RTN-1127,Packaging Failure,0.77
RC-RTN-1128,RTN-1128,Wardrobing,0.82
RC-RTN-1129,RTN-1129,Wardrobing,0.91
RC-RTN-1130,RTN-1130,Sizing Accuracy,0.96
RC-RTN-1131,RTN-1131,Packaging Failure,0.77
RC-RTN-1132,RTN-1132,Sizing Accuracy,0.91
RC-RTN-1133,RTN-1133,Wardrobing,0.87
RC-RTN-1134,RTN-1134,Wardrobing,0.83
RC-RTN-1135,RTN-1135,Wardrobing,0.96
RC-RTN-1136,RTN-1136,Packaging Failure,0.9
RC-RTN-1137,RTN-1137,Empty Box,0.83
RC-RTN-1138,RTN-1138,Wardrobing,0.78
RC-RTN-1139,RTN-1139,Wardrobing,0.94
RC-RTN-1140,RTN-1140,Wardrobing,0.85
RC-RTN-1141,RTN-1141,Empty Box,0.92
RC-RTN-1142,RTN-1142,Empty Box,0.78
RC-RTN-1143,RTN-1143,Packaging Failure,0.82
RC-RTN-1144,RTN-1144,Sizing Accuracy,0.88
RC-RTN-1145,RTN-1145,Wardrobing,0.84
RC-RTN-1146,RTN-1146,Wardrobing,0.93
RC-RTN-1147,RTN-1147,Manufacturing Defect,0.98
RC-RTN-1148,RTN-1148,Wardrobing,0.98
RC-RTN-1149,RTN-1149,Empty Box,0.84
RC-RTN-1150,RTN-1150,Manufacturing Defect,0.85
RC-RTN-1151,RTN-1151,Wardrobing,0.98
RC-RTN-1152,RTN-1152,Packaging Failure,0.85
RC-RTN-1153,RTN-1153,Wardrobing,0.98
RC-RTN-1154,RTN-1154,Sizing Accuracy,0.95
RC-RTN-1155,RTN-1155,Counterfeit,0.85
RC-RTN-1156,RTN-1156,Wardrobing,0.9
RC-RTN-1157,RTN-1157,Wardrobing,0.84
RC-RTN-1158,RTN-1158,Wardrobing,0.84
RC-RTN-1159,RTN-1159,Counterfeit,0.92
RC-RTN-1160,RTN-1160,Manufacturing Defect,0.88
