case_id,entity_type,entity_id,severity,risk_score,related_return_id
FRAUD-RTN-0001,Customer,CUST-0652,HIGH,98,RTN-0001
FRAUD-RTN-0002,Customer,CUST-0584,HIGH,92,RTN-0002
FRAUD-RTN-0003,Seller,SELL-0027,HIGH,88,RTN-0003
FRAUD-RTN-0006,Customer,CUST-0184,HIGH,95,RTN-0006
FRAUD-RTN-0013,Seller,SELL-0034,HIGH,92,RTN-0013
FRAUD-RTN-0015,Seller,SELL-0042,HIGH,87,RTN-0015
FRAUD-RTN-0016,Customer,CUST-0485,CRITICAL,89,RTN-0016
FRAUD-RTN-0017,Seller,SELL-0056,HIGH,89,RTN-0017
FRAUD-RTN-0018,Customer,CUST-0776,HIGH,97,RTN-0018
FRAUD-RTN-0020,Customer,CUST-0649,HIGH,92,RTN-0020
FRAUD-RTN-0021,Customer,CUST-0411,CRITICAL,98,RTN-0021
FRAUD-RTN-0024,Customer,CUST-0333,HIGH,93,RTN-0024
FRAUD-RTN-0026,Customer,CUST-0559,HIGH,89,RTN-0026
FRAUD-RTN-0028,Seller,SELL-0061,HIGH,99,RTN-0028
FRAUD-RTN-0030,Seller,SELL-0042,HIGH,88,RTN-0030
FRAUD-RTN-0031,Customer,CUST-0846,HIGH,96,RTN-0031
FRAUD-RTN-0032,Customer,CUST-0089,HIGH,98,RTN-0032
FRAUD-RTN-0035,Seller,SELL-0022,HIGH,91,RTN-0035
FRAUD-RTN-0037,Customer,CUST-0676,HIGH,95,RTN-0037
FRAUD-RTN-0040,Customer,CUST-0578,HIGH,88,RTN-0040
FRAUD-RTN-0045,Customer,CUST-0878,HIGH,92,RTN-0045
FRAUD-RTN-0046,Customer,CUST-0704,CRITICAL,86,RTN-0046
FRAUD-RTN-0047,Customer,CUST-0511,HIGH,90,RTN-0047
FRAUD-RTN-0048,Seller,SELL-0035,HIGH,95,RTN-0048
FRAUD-RTN-0049,Customer,CUST-0549,HIGH,92,RTN-0049
FRAUD-RTN-0051,Customer,CUST-0490,HIGH,91,RTN-0051
FRAUD-RTN-0053,Seller,SELL-0017,HIGH,99,RTN-0053
FRAUD-RTN-0054,Customer,CUST-0302,HIGH,87,RTN-0054
FRAUD-RTN-0058,Customer,CUST-0513,CRITICAL,99,RTN-0058
FRAUD-RTN-0060,Seller,SELL-0014,HIGH,89,RTN-0060
FRAUD-RTN-0061,Customer,CUST-0989,HIGH,88,RTN-0061
FRAUD-RTN-0064,Customer,CUST-0624,HIGH,96,RTN-0064
FRAUD-RTN-0065,Customer,CUST-0100,HIGH,89,RTN-0065
FRAUD-RTN-0067,Customer,CUST-0090,CRITICAL,96,RTN-0067
FRAUD-RTN-0069,Customer,CUST-0586,HIGH,90,RTN-0069
FRAUD-RTN-0070,Seller,SELL-0057,HIGH,86,RTN-0070
FRAUD-RTN-0072,Customer,CUST-0697,HIGH,85,RTN-0072
FRAUD-RTN-0073,Seller,SELL-0059,HIGH,90,RTN-0073
FRAUD-RTN-0075,Customer,CUST-0575,HIGH,87,RTN-0075
FRAUD-RTN-0076,Customer,CUST-0437,CRITICAL,88,RTN-0076
FRAUD-RTN-0077,Customer,CUST-0945,CRITICAL,95,RTN-0077
FRAUD-RTN-0079,Customer,CUST-0801,HIGH,91,RTN-0079
FRAUD-RTN-0080,Seller,SELL-0042,HIGH,98,RTN-0080
FRAUD-RTN-0081,Customer,CUST-0322,HIGH,88,RTN-0081
FRAUD-RTN-0082,Customer,CUST-0661,CRITICAL,96,RTN-0082
FRAUD-RTN-0083,Customer,CUST-0900,HIGH,94,RTN-0083
FRAUD-RTN-0085,Seller,SELL-0042,HIGH,91,RTN-0085
FRAUD-RTN-0086,Seller,SELL-0042,HIGH,86,RTN-0086
FRAUD-RTN-0087,Customer,CUST-0191,CRITICAL,95,RTN-0087
FRAUD-RTN-0088,Seller,SELL-0060,HIGH,94,RTN-0088
FRAUD-RTN-0089,Customer,CUST-0287,CRITICAL,94,RTN-0089
FRAUD-RTN-0092,Customer,CUST-0388,HIGH,88,RTN-0092
FRAUD-RTN-0093,Customer,CUST-0664,CRITICAL,85,RTN-0093
FRAUD-RTN-0094,Seller,SELL-0042,HIGH,88,RTN-0094
FRAUD-RTN-0095,Customer,CUST-0235,HIGH,91,RTN-0095
FRAUD-RTN-0096,Customer,CUST-0830,HIGH,93,RTN-0096
FRAUD-RTN-0097,Customer,CUST-0940,HIGH,86,RTN-0097
FRAUD-RTN-0098,Customer,CUST-0036,CRITICAL,88,RTN-0098
FRAUD-RTN-0099,Seller,SELL-0053,HIGH,93,RTN-0099
FRAUD-RTN-0103,Customer,CUST-0560,HIGH,90,RTN-0103
FRAUD-RTN-0104,Customer,CUST-0700,CRITICAL,92,RTN-0104
FRAUD-RTN-0106,Customer,CUST-0671,HIGH,92,RTN-0106
FRAUD-RTN-0108,Customer,CUST-0423,HIGH,87,RTN-0108
FRAUD-RTN-0109,Customer,CUST-0555,CRITICAL,94,RTN-0109
FRAUD-RTN-0111,Customer,CUST-0676,HIGH,92,RTN-0111
FRAUD-RTN-0112,Customer,CUST-0751,HIGH,96,RTN-0112
FRAUD-RTN-0113,Seller,SELL-0064,HIGH,88,RTN-0113
FRAUD-RTN-0114,Customer,CUST-0092,HIGH,96,RTN-0114
FRAUD-RTN-0115,Customer,CUST-0854,HIGH,99,RTN-0115
FRAUD-RTN-0118,Customer,CUST-0079,CRITICAL,93,RTN-0118
FRAUD-RTN-0119,Customer,CUST-0685,CRITICAL,96,RTN-0119
FRAUD-RTN-0120,Customer,CUST-0553,HIGH,92,RTN-0120
FRAUD-RTN-0123,Customer,CUST-0645,HIGH,99,RTN-0123
FRAUD-RTN-0125,Seller,SELL-0018,HIGH,95,RTN-0125
FRAUD-RTN-0127,Customer,CUST-0157,HIGH,99,RTN-0127
FRAUD-RTN-0128,Customer,CUST-0084,HIGH,93,RTN-0128
FRAUD-RTN-0130,Seller,SELL-0033,HIGH,92,RTN-0130
FRAUD-RTN-0131,Customer,CUST-0963,HIGH,89,RTN-0131
FRAUD-RTN-0132,Customer,CUST-0944,CRITICAL,94,RTN-0132
FRAUD-RTN-0133,Customer,CUST-0754,HIGH,96,RTN-0133
FRAUD-RTN-0134,Customer,CUST-0162,HIGH,89,RTN-0134
FRAUD-RTN-0135,Seller,SELL-0029,HIGH,92,RTN-0135
FRAUD-RTN-0137,Customer,CUST-0250,CRITICAL,86,RTN-0137
FRAUD-RTN-0138,Customer,CUST-0024,HIGH,90,RTN-0138
FRAUD-RTN-0139,Customer,CUST-0270,HIGH,91,RTN-0139
FRAUD-RTN-0141,Customer,CUST-0694,CRITICAL,85,RTN-0141
FRAUD-RTN-0142,Customer,CUST-0715,CRITICAL,88,RTN-0142
FRAUD-RTN-0143,Customer,CUST-0371,HIGH,97,RTN-0143
FRAUD-RTN-0144,Customer,CUST-0626,HIGH,93,RTN-0144
FRAUD-RTN-0145,Seller,SELL-0042,HIGH,88,RTN-0145
FRAUD-RTN-0146,Customer,CUST-0263,HIGH,92,RTN-0146
FRAUD-RTN-0147,Seller,SELL-0042,HIGH,90,RTN-0147
FRAUD-RTN-0148,Customer,CUST-0700,HIGH,91,RTN-0148
FRAUD-RTN-0149,Customer,CUST-0532,HIGH,93,RTN-0149
FRAUD-RTN-0150,Seller,SELL-0097,HIGH,85,RTN-0150
FRAUD-RTN-0152,Seller,SELL-0034,HIGH,96,RTN-0152
FRAUD-RTN-0154,Customer,CUST-0231,HIGH,91,RTN-0154
FRAUD-RTN-0157,Customer,CUST-0902,HIGH,91,RTN-0157
FRAUD-RTN-0161,Customer,CUST-0646,HIGH,87,RTN-0161
FRAUD-RTN-0163,Customer,CUST-0233,HIGH,91,RTN-0163
FRAUD-RTN-0164,Seller,SELL-0042,HIGH,85,RTN-0164
FRAUD-RTN-0165,Customer,CUST-0921,HIGH,90,RTN-0165
FRAUD-RTN-0166,Seller,SELL-0060,HIGH,99,RTN-0166
FRAUD-RTN-0167,Customer,CUST-0641,CRITICAL,86,RTN-0167
FRAUD-RTN-0168,Seller,SELL-0092,HIGH,95,RTN-0168
FRAUD-RTN-0169,Customer,CUST-0517,HIGH,87,RTN-0169
FRAUD-RTN-0170,Customer,CUST-0467,CRITICAL,96,RTN-0170
FRAUD-RTN-0171,Customer,CUST-0841,CRITICAL,95,RTN-0171
FRAUD-RTN-0173,Seller,SELL-0074,HIGH,99,RTN-0173
FRAUD-RTN-0174,Seller,SELL-0080,HIGH,93,RTN-0174
FRAUD-RTN-0175,Seller,SELL-0076,HIGH,93,RTN-0175
FRAUD-RTN-0176,Customer,CUST-0953,HIGH,97,RTN-0176
FRAUD-RTN-0177,Customer,CUST-0651,HIGH,96,RTN-0177
FRAUD-RTN-0178,Customer,CUST-0316,HIGH,98,RTN-0178
FRAUD-RTN-0179,Seller,SELL-0049,HIGH,90,RTN-0179
FRAUD-RTN-0180,Customer,CUST-0843,HIGH,98,RTN-0180
FRAUD-RTN-0182,Seller,SELL-0003,HIGH,85,RTN-0182
FRAUD-RTN-0184,Customer,CUST-0620,HIGH,99,RTN-0184
FRAUD-RTN-0186,Customer,CUST-0405,HIGH,90,RTN-0186
FRAUD-RTN-0187,Customer,CUST-0434,CRITICAL,99,RTN-0187
FRAUD-RTN-0188,Customer,CUST-0526,HIGH,85,RTN-0188
FRAUD-RTN-0189,Customer,CUST-0968,HIGH,92,RTN-0189
FRAUD-RTN-0191,Seller,SELL-0042,HIGH,96,RTN-0191
FRAUD-RTN-0193,Customer,CUST-0607,CRITICAL,90,RTN-0193
FRAUD-RTN-0196,Customer,CUST-0871,HIGH,90,RTN-0196
FRAUD-RTN-0197,Customer,CUST-0610,HIGH,96,RTN-0197
FRAUD-RTN-0198,Seller,SELL-0042,HIGH,90,RTN-0198
FRAUD-RTN-0199,Seller,SELL-0065,HIGH,89,RTN-0199
FRAUD-RTN-0200,Customer,CUST-0001,HIGH,95,RTN-0200
FRAUD-RTN-0202,Customer,CUST-0043,HIGH,92,RTN-0202
FRAUD-RTN-0203,Customer,CUST-0923,HIGH,87,RTN-0203
FRAUD-RTN-0206,Customer,CUST-0041,HIGH,89,RTN-0206
FRAUD-RTN-0207,Seller,SELL-0096,HIGH,91,RTN-0207
FRAUD-RTN-0208,Seller,SELL-0006,HIGH,94,RTN-0208
FRAUD-RTN-0209,Customer,CUST-0641,HIGH,88,RTN-0209
FRAUD-RTN-0210,Customer,CUST-0624,HIGH,89,RTN-0210
FRAUD-RTN-0211,Customer,CUST-0184,HIGH,97,RTN-0211
FRAUD-RTN-0214,Customer,CUST-0836,CRITICAL,92,RTN-0214
FRAUD-RTN-0215,Customer,CUST-0209,HIGH,91,RTN-0215
FRAUD-RTN-0216,Customer,CUST-0926,HIGH,93,RTN-0216
FRAUD-RTN-0217,Customer,CUST-0827,HIGH,96,RTN-0217
FRAUD-RTN-0218,Seller,SELL-0022,HIGH,94,RTN-0218
FRAUD-RTN-0219,Customer,CUST-0042,CRITICAL,87,RTN-0219
FRAUD-RTN-0220,Seller,SELL-0042,HIGH,89,RTN-0220
FRAUD-RTN-0222,Customer,CUST-0278,HIGH,87,RTN-0222
FRAUD-RTN-0224,Customer,CUST-0451,CRITICAL,96,RTN-0224
FRAUD-RTN-0226,Customer,CUST-0668,HIGH,97,RTN-0226
FRAUD-RTN-0228,Customer,CUST-0535,HIGH,88,RTN-0228
FRAUD-RTN-0229,Customer,CUST-0981,HIGH,90,RTN-0229
FRAUD-RTN-0230,Customer,CUST-0685,HIGH,97,RTN-0230
FRAUD-RTN-0231,Customer,CUST-0283,CRITICAL,99,RTN-0231
FRAUD-RTN-0233,Customer,CUST-0493,HIGH,89,RTN-0233
FRAUD-RTN-0234,Customer,CUST-0229,HIGH,88,RTN-0234
FRAUD-RTN-0235,Seller,SELL-0098,HIGH,87,RTN-0235
FRAUD-RTN-0237,Customer,CUST-0167,HIGH,88,RTN-0237
FRAUD-RTN-0238,Customer,CUST-0276,HIGH,90,RTN-0238
FRAUD-RTN-0239,Customer,CUST-0159,CRITICAL,88,RTN-0239
FRAUD-RTN-0240,Seller,SELL-0042,HIGH,99,RTN-0240
FRAUD-RTN-0241,Customer,CUST-0265,HIGH,99,RTN-0241
FRAUD-RTN-0243,Seller,SELL-0084,HIGH,88,RTN-0243
FRAUD-RTN-0244,Customer,CUST-0332,CRITICAL,90,RTN-0244
FRAUD-RTN-0246,Customer,CUST-0183,CRITICAL,92,RTN-0246
FRAUD-RTN-0250,Customer,CUST-0399,HIGH,99,RTN-0250
FRAUD-RTN-0251,Customer,CUST-0875,HIGH,96,RTN-0251
FRAUD-RTN-0252,Customer,CUST-0188,HIGH,97,RTN-0252
FRAUD-RTN-0254,Customer,CUST-0633,CRITICAL,91,RTN-0254
FRAUD-RTN-0255,Customer,CUST-0221,HIGH,96,RTN-0255
FRAUD-RTN-0256,Customer,CUST-0340,CRITICAL,95,RTN-0256
FRAUD-RTN-0258,Customer,CUST-0976,HIGH,89,RTN-0258
FRAUD-RTN-0259,Customer,CUST-0143,HIGH,99,RTN-0259
FRAUD-RTN-0260,Customer,CUST-0924,HIGH,95,RTN-0260
FRAUD-RTN-0261,Customer,CUST-0997,HIGH,85,RTN-0261
FRAUD-RTN-0262,Customer,CUST-0864,CRITICAL,91,RTN-0262
FRAUD-RTN-0263,Customer,CUST-0842,HIGH,90,RTN-0263
FRAUD-RTN-0265,Customer,CUST-0749,HIGH,88,RTN-0265
FRAUD-RTN-0266,Customer,CUST-0034,HIGH,97,RTN-0266
FRAUD-RTN-0267,Customer,CUST-0322,CRITICAL,96,RTN-0267
FRAUD-RTN-0269,Seller,SELL-0033,HIGH,89,RTN-0269
FRAUD-RTN-0270,Customer,CUST-0254,HIGH,98,RTN-0270
FRAUD-RTN-0271,Customer,CUST-0824,HIGH,85,RTN-0271
FRAUD-RTN-0272,Customer,CUST-0432,HIGH,89,RTN-0272
FRAUD-RTN-0273,Customer,CUST-0745,CRITICAL,98,RTN-0273
FRAUD-RTN-0274,Customer,CUST-0987,CRITICAL,97,RTN-0274
FRAUD-RTN-0277,Customer,CUST-0282,CRITICAL,90,RTN-0277
FRAUD-RTN-0278,Customer,CUST-0319,HIGH,86,RTN-0278
FRAUD-RTN-0280,Seller,SELL-0042,HIGH,93,RTN-0280
FRAUD-RTN-0281,Seller,SELL-0042,HIGH,95,RTN-0281
FRAUD-RTN-0282,Customer,CUST-0467,HIGH,91,RTN-0282
FRAUD-RTN-0283,Customer,CUST-0874,HIGH,91,RTN-0283
FRAUD-RTN-0285,Seller,SELL-0031,HIGH,95,RTN-0285
FRAUD-RTN-0287,Customer,CUST-0841,CRITICAL,85,RTN-0287
FRAUD-RTN-0290,Customer,CUST-0132,HIGH,87,RTN-0290
FRAUD-RTN-0296,Customer,CUST-0031,CRITICAL,86,RTN-0296
FRAUD-RTN-0300,Customer,CUST-0470,HIGH,92,RTN-0300
FRAUD-RTN-0301,Customer,CUST-0122,HIGH,91,RTN-0301
FRAUD-RTN-0302,Customer,CUST-0472,CRITICAL,89,RTN-0302
FRAUD-RTN-0304,Seller,SELL-0008,HIGH,99,RTN-0304
FRAUD-RTN-0305,Customer,CUST-0159,HIGH,89,RTN-0305
FRAUD-RTN-0306,Customer,CUST-0918,HIGH,99,RTN-0306
FRAUD-RTN-0307,Customer,CUST-0344,HIGH,87,RTN-0307
FRAUD-RTN-0308,Customer,CUST-0959,HIGH,96,RTN-0308
FRAUD-RTN-0309,Customer,CUST-0600,HIGH,98,RTN-0309
FRAUD-RTN-0311,Customer,CUST-0056,HIGH,87,RTN-0311
FRAUD-RTN-0312,Customer,CUST-0674,HIGH,99,RTN-0312
FRAUD-RTN-0313,Customer,CUST-0709,HIGH,99,RTN-0313
FRAUD-RTN-0315,Customer,CUST-0196,CRITICAL,98,RTN-0315
FRAUD-RTN-0316,Customer,CUST-0066,CRITICAL,94,RTN-0316
FRAUD-RTN-0318,Customer,CUST-0787,HIGH,85,RTN-0318
FRAUD-RTN-0324,Seller,SELL-0006,HIGH,97,RTN-0324
FRAUD-RTN-0327,Customer,CUST-0547,HIGH,96,RTN-0327
FRAUD-RTN-0328,Customer,CUST-0646,HIGH,94,RTN-0328
FRAUD-RTN-0329,Seller,SELL-0042,HIGH,85,RTN-0329
FRAUD-RTN-0330,Customer,CUST-0818,HIGH,90,RTN-0330
FRAUD-RTN-0331,Customer,CUST-0907,HIGH,99,RTN-0331
FRAUD-RTN-0333,Customer,CUST-0163,HIGH,89,RTN-0333
FRAUD-RTN-0334,Customer,CUST-0081,HIGH,97,RTN-0334
FRAUD-RTN-0335,Customer,CUST-0107,HIGH,94,RTN-0335
FRAUD-RTN-0338,Customer,CUST-0178,HIGH,88,RTN-0338
FRAUD-RTN-0339,Seller,SELL-0077,HIGH,92,RTN-0339
FRAUD-RTN-0340,Customer,CUST-0285,CRITICAL,92,RTN-0340
FRAUD-RTN-0341,Seller,SELL-0042,HIGH,86,RTN-0341
FRAUD-RTN-0342,Customer,CUST-0970,CRITICAL,89,RTN-0342
FRAUD-RTN-0344,Seller,SELL-0092,HIGH,90,RTN-0344
FRAUD-RTN-0345,Customer,CUST-0565,HIGH,85,RTN-0345
FRAUD-RTN-0346,Customer,CUST-0432,CRITICAL,98,RTN-0346
FRAUD-RTN-0347,Seller,SELL-0003,HIGH,88,RTN-0347
FRAUD-RTN-0348,Customer,CUST-0567,HIGH,97,RTN-0348
FRAUD-RTN-0350,Customer,CUST-0665,HIGH,92,RTN-0350
FRAUD-RTN-0351,Customer,CUST-0395,HIGH,94,RTN-0351
FRAUD-RTN-0352,Customer,CUST-0742,HIGH,90,RTN-0352
FRAUD-RTN-0353,Customer,CUST-0496,CRITICAL,92,RTN-0353
FRAUD-RTN-0355,Customer,CUST-0866,CRITICAL,93,RTN-0355
FRAUD-RTN-0356,Customer,CUST-0122,HIGH,94,RTN-0356
FRAUD-RTN-0357,Customer,CUST-0744,CRITICAL,94,RTN-0357
FRAUD-RTN-0358,Seller,SELL-0031,HIGH,86,RTN-0358
FRAUD-RTN-0359,Seller,SELL-0076,HIGH,92,RTN-0359
FRAUD-RTN-0360,Seller,SELL-0022,HIGH,99,RTN-0360
FRAUD-RTN-0363,Customer,CUST-0877,HIGH,86,RTN-0363
FRAUD-RTN-0365,Customer,CUST-0456,CRITICAL,91,RTN-0365
FRAUD-RTN-0368,Seller,SELL-0075,HIGH,91,RTN-0368
FRAUD-RTN-0369,Seller,SELL-0100,HIGH,96,RTN-0369
FRAUD-RTN-0370,Customer,CUST-0033,HIGH,93,RTN-0370
FRAUD-RTN-0371,Customer,CUST-0932,HIGH,92,RTN-0371
FRAUD-RTN-0373,Customer,CUST-0971,HIGH,90,RTN-0373
FRAUD-RTN-0374,Customer,CUST-0716,CRITICAL,94,RTN-0374
FRAUD-RTN-0375,Customer,CUST-0930,CRITICAL,94,RTN-0375
FRAUD-RTN-0379,Customer,CUST-0402,HIGH,94,RTN-0379
FRAUD-RTN-0380,Customer,CUST-0348,HIGH,86,RTN-0380
FRAUD-RTN-0383,Customer,CUST-0528,HIGH,91,RTN-0383
FRAUD-RTN-0384,Customer,CUST-0965,CRITICAL,95,RTN-0384
FRAUD-RTN-0385,Seller,SELL-0025,HIGH,95,RTN-0385
FRAUD-RTN-0386,Customer,CUST-0413,HIGH,91,RTN-0386
FRAUD-RTN-0387,Customer,CUST-0303,HIGH,97,RTN-0387
FRAUD-RTN-0388,Seller,SELL-0089,HIGH,95,RTN-0388
FRAUD-RTN-0389,Customer,CUST-0037,HIGH,93,RTN-0389
FRAUD-RTN-0392,Customer,CUST-0299,HIGH,92,RTN-0392
FRAUD-RTN-0395,Customer,CUST-0832,HIGH,86,RTN-0395
FRAUD-RTN-0396,Customer,CUST-0989,HIGH,95,RTN-0396
FRAUD-RTN-0398,Customer,CUST-0530,CRITICAL,94,RTN-0398
FRAUD-RTN-0399,Customer,CUST-0517,HIGH,87,RTN-0399
FRAUD-RTN-0400,Customer,CUST-0408,CRITICAL,86,RTN-0400
FRAUD-RTN-0401,Customer,CUST-0003,HIGH,92,RTN-0401
FRAUD-RTN-0403,Seller,SELL-0042,HIGH,86,RTN-0403
FRAUD-RTN-0404,Seller,SELL-0043,HIGH,89,RTN-0404
FRAUD-RTN-0405,Customer,CUST-0196,CRITICAL,96,RTN-0405
FRAUD-RTN-0406,Customer,CUST-0940,HIGH,93,RTN-0406
FRAUD-RTN-0409,Customer,CUST-0445,HIGH,85,RTN-0409
FRAUD-RTN-0410,Customer,CUST-0399,HIGH,93,RTN-0410
FRAUD-RTN-0411,Customer,CUST-0368,HIGH,89,RTN-0411
FRAUD-RTN-0414,Customer,CUST-0218,CRITICAL,87,RTN-0414
FRAUD-RTN-0415,Customer,CUST-0787,HIGH,97,RTN-0415
FRAUD-RTN-0416,Seller,SELL-0078,HIGH,97,RTN-0416
FRAUD-RTN-0417,Customer,CUST-0433,HIGH,87,RTN-0417
FRAUD-RTN-0421,Customer,CUST-0498,HIGH,96,RTN-0421
FRAUD-RTN-0422,Customer,CUST-0878,HIGH,94,RTN-0422
FRAUD-RTN-0423,Customer,CUST-0761,HIGH,88,RTN-0423
FRAUD-RTN-0426,Seller,SELL-0071,HIGH,89,RTN-0426
FRAUD-RTN-0427,Customer,CUST-0781,HIGH,86,RTN-0427
FRAUD-RTN-0429,Customer,CUST-0426,HIGH,94,RTN-0429
FRAUD-RTN-0432,Customer,CUST-0742,HIGH,85,RTN-0432
FRAUD-RTN-0433,Customer,CUST-0978,HIGH,91,RTN-0433
FRAUD-RTN-0434,Seller,SELL-0096,HIGH,87,RTN-0434
FRAUD-RTN-0437,Seller,SELL-0009,HIGH,95,RTN-0437
FRAUD-RTN-0438,Seller,SELL-0082,HIGH,98,RTN-0438
FRAUD-RTN-0439,Customer,CUST-0449,HIGH,87,RTN-0439
FRAUD-RTN-0441,Seller,SELL-0067,HIGH,90,RTN-0441
FRAUD-RTN-0444,Customer,CUST-0191,CRITICAL,93,RTN-0444
FRAUD-RTN-0445,Customer,CUST-0292,HIGH,98,RTN-0445
FRAUD-RTN-0446,Customer,CUST-0824,HIGH,87,RTN-0446
FRAUD-RTN-0447,Customer,CUST-0781,HIGH,89,RTN-0447
FRAUD-RTN-0448,Customer,CUST-0357,HIGH,93,RTN-0448
FRAUD-RTN-0450,Customer,CUST-0925,HIGH,89,RTN-0450
FRAUD-RTN-0451,Customer,CUST-0403,HIGH,90,RTN-0451
FRAUD-RTN-0452,Customer,CUST-0147,HIGH,89,RTN-0452
FRAUD-RTN-0454,Customer,CUST-0169,HIGH,93,RTN-0454
FRAUD-RTN-0455,Customer,CUST-0312,HIGH,90,RTN-0455
FRAUD-RTN-0457,Customer,CUST-0698,HIGH,98,RTN-0457
FRAUD-RTN-0458,Seller,SELL-0053,HIGH,89,RTN-0458
FRAUD-RTN-0459,Customer,CUST-0444,HIGH,97,RTN-0459
FRAUD-RTN-0460,Seller,SELL-0029,HIGH,91,RTN-0460
FRAUD-RTN-0464,Seller,SELL-0046,HIGH,95,RTN-0464
FRAUD-RTN-0467,Customer,CUST-0688,HIGH,89,RTN-0467
FRAUD-RTN-0469,Customer,CUST-0545,HIGH,92,RTN-0469
FRAUD-RTN-0470,Customer,CUST-0258,CRITICAL,99,RTN-0470
FRAUD-RTN-0471,Seller,SELL-0035,HIGH,86,RTN-0471
FRAUD-RTN-0473,Customer,CUST-0559,CRITICAL,91,RTN-0473
FRAUD-RTN-0474,Customer,CUST-0369,HIGH,86,RTN-0474
FRAUD-RTN-0475,Customer,CUST-0375,CRITICAL,96,RTN-0475
FRAUD-RTN-0476,Seller,SELL-0011,HIGH,86,RTN-0476
FRAUD-RTN-0478,Customer,CUST-0998,CRITICAL,95,RTN-0478
FRAUD-RTN-0480,Customer,CUST-0761,HIGH,99,RTN-0480
FRAUD-RTN-0481,Customer,CUST-0344,CRITICAL,96,RTN-0481
FRAUD-RTN-0482,Customer,CUST-0800,HIGH,90,RTN-0482
FRAUD-RTN-0483,Customer,CUST-0800,HIGH,88,RTN-0483
FRAUD-RTN-0484,Customer,CUST-0081,CRITICAL,95,RTN-0484
FRAUD-RTN-0485,Customer,CUST-0049,CRITICAL,89,RTN-0485
FRAUD-RTN-0486,Customer,CUST-0878,CRITICAL,90,RTN-0486
FRAUD-RTN-0487,Seller,SELL-0030,HIGH,87,RTN-0487
FRAUD-RTN-0488,Customer,CUST-0757,HIGH,86,RTN-0488
FRAUD-RTN-0490,Customer,CUST-0175,HIGH,87,RTN-0490
FRAUD-RTN-0492,Customer,CUST-0881,HIGH,98,RTN-0492
FRAUD-RTN-0494,Customer,CUST-0099,HIGH,98,RTN-0494
FRAUD-RTN-0495,Seller,SELL-0013,HIGH,86,RTN-0495
FRAUD-RTN-0496,Seller,SELL-0042,HIGH,96,RTN-0496
FRAUD-RTN-0501,Customer,CUST-0229,HIGH,95,RTN-0501
FRAUD-RTN-0502,Customer,CUST-0487,HIGH,99,RTN-0502
FRAUD-RTN-0503,Customer,CUST-0585,HIGH,93,RTN-0503
FRAUD-RTN-0504,Customer,CUST-0991,HIGH,96,RTN-0504
FRAUD-RTN-0506,Customer,CUST-0100,HIGH,94,RTN-0506
FRAUD-RTN-0509,Customer,CUST-0026,HIGH,88,RTN-0509
FRAUD-RTN-0510,Seller,SELL-0066,HIGH,85,RTN-0510
FRAUD-RTN-0511,Customer,CUST-0098,HIGH,92,RTN-0511
FRAUD-RTN-0514,Seller,SELL-0077,HIGH,91,RTN-0514
FRAUD-RTN-0515,Customer,CUST-0667,CRITICAL,90,RTN-0515
FRAUD-RTN-0516,Customer,CUST-0951,CRITICAL,98,RTN-0516
FRAUD-RTN-0517,Customer,CUST-0446,HIGH,92,RTN-0517
FRAUD-RTN-0521,Seller,SELL-0042,HIGH,91,RTN-0521
FRAUD-RTN-0522,Customer,CUST-0523,HIGH,85,RTN-0522
FRAUD-RTN-0523,Customer,CUST-0173,HIGH,85,RTN-0523
FRAUD-RTN-0526,Customer,CUST-0432,CRITICAL,88,RTN-0526
FRAUD-RTN-0529,Customer,CUST-0545,CRITICAL,95,RTN-0529
FRAUD-RTN-0531,Customer,CUST-0436,HIGH,85,RTN-0531
FRAUD-RTN-0535,Seller,SELL-0083,HIGH,96,RTN-0535
FRAUD-RTN-0536,Customer,CUST-0337,CRITICAL,89,RTN-0536
FRAUD-RTN-0537,Seller,SELL-0007,HIGH,95,RTN-0537
FRAUD-RTN-0539,Customer,CUST-0726,HIGH,99,RTN-0539
FRAUD-RTN-0542,Customer,CUST-0770,CRITICAL,97,RTN-0542
FRAUD-RTN-0544,Customer,CUST-0213,HIGH,85,RTN-0544
FRAUD-RTN-0546,Customer,CUST-0665,HIGH,85,RTN-0546
FRAUD-RTN-0547,Seller,SELL-0051,HIGH,85,RTN-0547
FRAUD-RTN-0549,Customer,CUST-0317,HIGH,99,RTN-0549
FRAUD-RTN-0550,Seller,SELL-0037,HIGH,86,RTN-0550
FRAUD-RTN-0551,Seller,SELL-0043,HIGH,97,RTN-0551
FRAUD-RTN-0554,Customer,CUST-0053,CRITICAL,92,RTN-0554
FRAUD-RTN-0555,Customer,CUST-0621,HIGH,87,RTN-0555
FRAUD-RTN-0557,Customer,CUST-0308,HIGH,94,RTN-0557
FRAUD-RTN-0558,Customer,CUST-0562,HIGH,93,RTN-0558
FRAUD-RTN-0559,Customer,CUST-0679,HIGH,98,RTN-0559
FRAUD-RTN-0560,Customer,CUST-0047,HIGH,91,RTN-0560
FRAUD-RTN-0561,Customer,CUST-0305,CRITICAL,96,RTN-0561
FRAUD-RTN-0562,Customer,CUST-0410,HIGH,98,RTN-0562
FRAUD-RTN-0564,Customer,CUST-0140,HIGH,97,RTN-0564
FRAUD-RTN-0565,Seller,SELL-0010,HIGH,92,RTN-0565
FRAUD-RTN-0567,Customer,CUST-0895,HIGH,95,RTN-0567
FRAUD-RTN-0568,Customer,CUST-0031,HIGH,91,RTN-0568
FRAUD-RTN-0570,Customer,CUST-0296,HIGH,92,RTN-0570
FRAUD-RTN-0571,Customer,CUST-0582,HIGH,93,RTN-0571
FRAUD-RTN-0572,Customer,CUST-0630,CRITICAL,97,RTN-0572
FRAUD-RTN-0573,Customer,CUST-0918,HIGH,85,RTN-0573
FRAUD-RTN-0574,Customer,CUST-0170,HIGH,93,RTN-0574
FRAUD-RTN-0575,Customer,CUST-0928,HIGH,98,RTN-0575
FRAUD-RTN-0578,Customer,CUST-0211,HIGH,91,RTN-0578
FRAUD-RTN-0579,Customer,CUST-0234,HIGH,92,RTN-0579
FRAUD-RTN-0580,Seller,SELL-0057,HIGH,92,RTN-0580
FRAUD-RTN-0581,Customer,CUST-0599,HIGH,86,RTN-0581
FRAUD-RTN-0583,Customer,CUST-0991,HIGH,98,RTN-0583
FRAUD-RTN-0589,Customer,CUST-0026,HIGH,91,RTN-0589
FRAUD-RTN-0591,Customer,CUST-0905,HIGH,87,RTN-0591
FRAUD-RTN-0592,Customer,CUST-0595,HIGH,86,RTN-0592
FRAUD-RTN-0593,Customer,CUST-0617,HIGH,93,RTN-0593
FRAUD-RTN-0595,Seller,SELL-0005,HIGH,85,RTN-0595
FRAUD-RTN-0597,Customer,CUST-0028,CRITICAL,87,RTN-0597
FRAUD-RTN-0598,Seller,SELL-0090,HIGH,91,RTN-0598
FRAUD-RTN-0599,Customer,CUST-0455,HIGH,89,RTN-0599
FRAUD-RTN-0600,Customer,CUST-0842,HIGH,93,RTN-0600
FRAUD-RTN-0602,Customer,CUST-0944,HIGH,93,RTN-0602
FRAUD-RTN-0603,Customer,CUST-0288,HIGH,93,RTN-0603
FRAUD-RTN-0604,Customer,CUST-0480,HIGH,98,RTN-0604
FRAUD-RTN-0605,Customer,CUST-0147,HIGH,91,RTN-0605
FRAUD-RTN-0607,Customer,CUST-0882,HIGH,86,RTN-0607
FRAUD-RTN-0608,Seller,SELL-0079,HIGH,87,RTN-0608
FRAUD-RTN-0609,Customer,CUST-0666,HIGH,98,RTN-0609
FRAUD-RTN-0610,Seller,SELL-0023,HIGH,91,RTN-0610
FRAUD-RTN-0613,Customer,CUST-0598,HIGH,94,RTN-0613
FRAUD-RTN-0615,Customer,CUST-0438,HIGH,88,RTN-0615
FRAUD-RTN-0618,Customer,CUST-0270,CRITICAL,87,RTN-0618
FRAUD-RTN-0619,Customer,CUST-0375,HIGH,85,RTN-0619
FRAUD-RTN-0622,Customer,CUST-0433,HIGH,95,RTN-0622
FRAUD-RTN-0623,Seller,SELL-0024,HIGH,98,RTN-0623
FRAUD-RTN-0624,Seller,SELL-0042,HIGH,93,RTN-0624
FRAUD-RTN-0626,Customer,CUST-0243,HIGH,93,RTN-0626
FRAUD-RTN-0630,Seller,SELL-0097,HIGH,89,RTN-0630
FRAUD-RTN-0631,Customer,CUST-0736,CRITICAL,93,RTN-0631
FRAUD-RTN-0635,Seller,SELL-0025,HIGH,98,RTN-0635
FRAUD-RTN-0637,Customer,CUST-0766,HIGH,95,RTN-0637
FRAUD-RTN-0639,Customer,CUST-0105,CRITICAL,87,RTN-0639
FRAUD-RTN-0642,Customer,CUST-0823,HIGH,87,RTN-0642
FRAUD-RTN-0645,Customer,CUST-0218,CRITICAL,88,RTN-0645
FRAUD-RTN-0646,Customer,CUST-0037,HIGH,93,RTN-0646
FRAUD-RTN-0648,Seller,SELL-0042,HIGH,98,RTN-0648
FRAUD-RTN-0649,Customer,CUST-0221,HIGH,86,RTN-0649
FRAUD-RTN-0650,Customer,CUST-0104,HIGH,90,RTN-0650
FRAUD-RTN-0652,Customer,CUST-0777,CRITICAL,98,RTN-0652
FRAUD-RTN-0654,Seller,SELL-0023,HIGH,90,RTN-0654
FRAUD-RTN-0655,Customer,CUST-0040,CRITICAL,94,RTN-0655
FRAUD-RTN-0656,Customer,CUST-0445,CRITICAL,96,RTN-0656
FRAUD-RTN-0658,Seller,SELL-0036,HIGH,88,RTN-0658
FRAUD-RTN-0659,Customer,CUST-0460,CRITICAL,91,RTN-0659
FRAUD-RTN-0660,Customer,CUST-0645,HIGH,88,RTN-0660
FRAUD-RTN-0661,Customer,CUST-0951,HIGH,92,RTN-0661
FRAUD-RTN-0662,Customer,CUST-0998,HIGH,97,RTN-0662
FRAUD-RTN-0664,Customer,CUST-0715,HIGH,94,RTN-0664
FRAUD-RTN-0665,Seller,SELL-0009,HIGH,98,RTN-0665
FRAUD-RTN-0667,Customer,CUST-0458,HIGH,97,RTN-0667
FRAUD-RTN-0668,Customer,CUST-0432,HIGH,92,RTN-0668
FRAUD-RTN-0670,Seller,SELL-0042,HIGH,90,RTN-0670
FRAUD-RTN-0673,Customer,CUST-0572,CRITICAL,95,RTN-0673
FRAUD-RTN-0675,Customer,CUST-0285,CRITICAL,85,RTN-0675
FRAUD-RTN-0677,Seller,SELL-0052,HIGH,88,RTN-0677
FRAUD-RTN-0679,Customer,CUST-0674,HIGH,97,RTN-0679
FRAUD-RTN-0680,Customer,CUST-0554,CRITICAL,99,RTN-0680
FRAUD-RTN-0682,Customer,CUST-0463,CRITICAL,98,RTN-0682
FRAUD-RTN-0683,Seller,SELL-0009,HIGH,89,RTN-0683
FRAUD-RTN-0684,Customer,CUST-0220,HIGH,92,RTN-0684
FRAUD-RTN-0685,Seller,SELL-0057,HIGH,98,RTN-0685
FRAUD-RTN-0687,Seller,SELL-0016,HIGH,90,RTN-0687
FRAUD-RTN-0688,Customer,CUST-0110,CRITICAL,93,RTN-0688
FRAUD-RTN-0690,Customer,CUST-0276,CRITICAL,85,RTN-0690
FRAUD-RTN-0692,Customer,CUST-0957,CRITICAL,89,RTN-0692
FRAUD-RTN-0694,Seller,SELL-0046,HIGH,94,RTN-0694
FRAUD-RTN-0695,Customer,CUST-0906,CRITICAL,95,RTN-0695
FRAUD-RTN-0696,Customer,CUST-0566,CRITICAL,98,RTN-0696
FRAUD-RTN-0697,Customer,CUST-0551,HIGH,91,RTN-0697
FRAUD-RTN-0698,Customer,CUST-0814,HIGH,98,RTN-0698
FRAUD-RTN-0699,Customer,CUST-0482,HIGH,98,RTN-0699
FRAUD-RTN-0700,Customer,CUST-0129,HIGH,86,RTN-0700
FRAUD-RTN-0702,Seller,SELL-0086,HIGH,96,RTN-0702
FRAUD-RTN-0703,Customer,CUST-0921,CRITICAL,97,RTN-0703
FRAUD-RTN-0706,Customer,CUST-0998,CRITICAL,95,RTN-0706
FRAUD-RTN-0708,Customer,CUST-0454,CRITICAL,89,RTN-0708
FRAUD-RTN-0710,Customer,CUST-0895,HIGH,86,RTN-0710
FRAUD-RTN-0711,Customer,CUST-0754,HIGH,86,RTN-0711
FRAUD-RTN-0712,Customer,CUST-0265,HIGH,96,RTN-0712
FRAUD-RTN-0713,Seller,SELL-0004,HIGH,98,RTN-0713
FRAUD-RTN-0714,Customer,CUST-0375,CRITICAL,87,RTN-0714
FRAUD-RTN-0715,Customer,CUST-0333,HIGH,96,RTN-0715
FRAUD-RTN-0718,Seller,SELL-0042,HIGH,94,RTN-0718
FRAUD-RTN-0719,Seller,SELL-0014,HIGH,94,RTN-0719
FRAUD-RTN-0721,Seller,SELL-0028,HIGH,91,RTN-0721
FRAUD-RTN-0722,Seller,SELL-0033,HIGH,98,RTN-0722
FRAUD-RTN-0725,Seller,SELL-0076,HIGH,85,RTN-0725
FRAUD-RTN-0727,Customer,CUST-0321,HIGH,87,RTN-0727
FRAUD-RTN-0728,Customer,CUST-0232,HIGH,87,RTN-0728
FRAUD-RTN-0729,Customer,CUST-0647,CRITICAL,98,RTN-0729
FRAUD-RTN-0730,Customer,CUST-0834,HIGH,99,RTN-0730
FRAUD-RTN-0733,Customer,CUST-0514,HIGH,98,RTN-0733
FRAUD-RTN-0734,Customer,CUST-0093,HIGH,92,RTN-0734
FRAUD-RTN-0735,Customer,CUST-0804,CRITICAL,97,RTN-0735
FRAUD-RTN-0736,Customer,CUST-0682,HIGH,97,RTN-0736
FRAUD-RTN-0738,Customer,CUST-0641,HIGH,97,RTN-0738
FRAUD-RTN-0740,Customer,CUST-0182,HIGH,87,RTN-0740
FRAUD-RTN-0745,Customer,CUST-0494,HIGH,85,RTN-0745
FRAUD-RTN-0747,Customer,CUST-0182,CRITICAL,94,RTN-0747
FRAUD-RTN-0748,Customer,CUST-0297,HIGH,89,RTN-0748
FRAUD-RTN-0751,Customer,CUST-0436,CRITICAL,85,RTN-0751
FRAUD-RTN-0753,Customer,CUST-0600,CRITICAL,88,RTN-0753
FRAUD-RTN-0755,Customer,CUST-0223,HIGH,97,RTN-0755
FRAUD-RTN-0757,Customer,CUST-0052,HIGH,92,RTN-0757
FRAUD-RTN-0758,Seller,SELL-0029,HIGH,99,RTN-0758
FRAUD-RTN-0760,Customer,CUST-0932,HIGH,87,RTN-0760
FRAUD-RTN-0761,Customer,CUST-0177,HIGH,85,RTN-0761
FRAUD-RTN-0762,Customer,CUST-0941,HIGH,98,RTN-0762
FRAUD-RTN-0763,Seller,SELL-0042,HIGH,88,RTN-0763
FRAUD-RTN-0765,Customer,CUST-0854,HIGH,88,RTN-0765
FRAUD-RTN-0767,Customer,CUST-0501,HIGH,92,RTN-0767
FRAUD-RTN-0768,Customer,CUST-0226,HIGH,87,RTN-0768
FRAUD-RTN-0770,Customer,CUST-0187,HIGH,88,RTN-0770
FRAUD-RTN-0771,Customer,CUST-0908,HIGH,98,RTN-0771
FRAUD-RTN-0779,Customer,CUST-0622,HIGH,92,RTN-0779
FRAUD-RTN-0780,Seller,SELL-0100,HIGH,86,RTN-0780
FRAUD-RTN-0783,Customer,CUST-0827,HIGH,89,RTN-0783
FRAUD-RTN-0784,Customer,CUST-0629,HIGH,97,RTN-0784
FRAUD-RTN-0786,Customer,CUST-0228,HIGH,88,RTN-0786
FRAUD-RTN-0787,Seller,SELL-0082,HIGH,93,RTN-0787
FRAUD-RTN-0788,Customer,CUST-0035,HIGH,95,RTN-0788
FRAUD-RTN-0789,Customer,CUST-0746,HIGH,91,RTN-0789
FRAUD-RTN-0791,Seller,SELL-0068,HIGH,97,RTN-0791
FRAUD-RTN-0793,Customer,CUST-0485,HIGH,97,RTN-0793
FRAUD-RTN-0794,Customer,CUST-0895,HIGH,85,RTN-0794
FRAUD-RTN-0795,Customer,CUST-0470,HIGH,85,RTN-0795
FRAUD-RTN-0796,Customer,CUST-0669,HIGH,99,RTN-0796
FRAUD-RTN-0797,Seller,SELL-0034,HIGH,92,RTN-0797
FRAUD-RTN-0798,Customer,CUST-0845,CRITICAL,98,RTN-0798
FRAUD-RTN-0799,Seller,SELL-0027,HIGH,87,RTN-0799
FRAUD-RTN-0800,Customer,CUST-0736,HIGH,91,RTN-0800
FRAUD-RTN-0801,Customer,CUST-0664,HIGH,87,RTN-0801
FRAUD-RTN-0803,Customer,CUST-0039,HIGH,97,RTN-0803
FRAUD-RTN-0806,Customer,CUST-0182,CRITICAL,99,RTN-0806
FRAUD-RTN-0807,Customer,CUST-0814,HIGH,93,RTN-0807
FRAUD-RTN-0808,Seller,SELL-0065,HIGH,87,RTN-0808
FRAUD-RTN-0809,Seller,SELL-0055,HIGH,97,RTN-0809
FRAUD-RTN-0810,Customer,CUST-0763,HIGH,97,RTN-0810
FRAUD-RTN-0811,Customer,CUST-0399,CRITICAL,90,RTN-0811
FRAUD-RTN-0813,Customer,CUST-0726,HIGH,92,RTN-0813
FRAUD-RTN-0814,Customer,CUST-0162,HIGH,99,RTN-0814
FRAUD-RTN-0818,Customer,CUST-0167,HIGH,99,RTN-0818
FRAUD-RTN-0820,Seller,SELL-0100,HIGH,86,RTN-0820
FRAUD-RTN-0821,Customer,CUST-0906,CRITICAL,97,RTN-0821
FRAUD-RTN-0822,Seller,SELL-0014,HIGH,98,RTN-0822
FRAUD-RTN-0823,Seller,SELL-0004,HIGH,97,RTN-0823
FRAUD-RTN-0825,Customer,CUST-0769,CRITICAL,89,RTN-0825
FRAUD-RTN-0826,Seller,SELL-0064,HIGH,87,RTN-0826
FRAUD-RTN-0827,Seller,SELL-0091,HIGH,88,RTN-0827
FRAUD-RTN-0828,Customer,CUST-0186,HIGH,91,RTN-0828
FRAUD-RTN-0831,Customer,CUST-0643,HIGH,99,RTN-0831
FRAUD-RTN-0832,Customer,CUST-0831,CRITICAL,96,RTN-0832
FRAUD-RTN-0834,Seller,SELL-0099,HIGH,91,RTN-0834
FRAUD-RTN-0838,Customer,CUST-0998,HIGH,96,RTN-0838
FRAUD-RTN-0842,Customer,CUST-0925,HIGH,93,RTN-0842
FRAUD-RTN-0844,Customer,CUST-0670,HIGH,98,RTN-0844
FRAUD-RTN-0846,Seller,SELL-0090,HIGH,86,RTN-0846
FRAUD-RTN-0847,Customer,CUST-0729,HIGH,95,RTN-0847
FRAUD-RTN-0848,Customer,CUST-0133,CRITICAL,89,RTN-0848
FRAUD-RTN-0849,Customer,CUST-0858,HIGH,96,RTN-0849
FRAUD-RTN-0853,Seller,SELL-0049,HIGH,88,RTN-0853
FRAUD-RTN-0854,Seller,SELL-0013,HIGH,98,RTN-0854
FRAUD-RTN-0855,Customer,CUST-0030,HIGH,88,RTN-0855
FRAUD-RTN-0857,Customer,CUST-0669,HIGH,99,RTN-0857
FRAUD-RTN-0859,Customer,CUST-0446,HIGH,95,RTN-0859
FRAUD-RTN-0860,Customer,CUST-0159,CRITICAL,97,RTN-0860
FRAUD-RTN-0861,Customer,CUST-0689,HIGH,94,RTN-0861
FRAUD-RTN-0863,Seller,SELL-0042,HIGH,93,RTN-0863
FRAUD-RTN-0865,Customer,CUST-0903,CRITICAL,90,RTN-0865
FRAUD-RTN-0866,Customer,CUST-0226,CRITICAL,99,RTN-0866
FRAUD-RTN-0867,Customer,CUST-0405,HIGH,87,RTN-0867
FRAUD-RTN-0869,Customer,CUST-0915,HIGH,87,RTN-0869
FRAUD-RTN-0872,Seller,SELL-0099,HIGH,90,RTN-0872
FRAUD-RTN-0874,Customer,CUST-0330,HIGH,90,RTN-0874
FRAUD-RTN-0875,Seller,SELL-0042,HIGH,99,RTN-0875
FRAUD-RTN-0876,Customer,CUST-0674,HIGH,87,RTN-0876
FRAUD-RTN-0878,Customer,CUST-0668,CRITICAL,86,RTN-0878
FRAUD-RTN-0881,Customer,CUST-0602,CRITICAL,98,RTN-0881
FRAUD-RTN-0883,Customer,CUST-0729,HIGH,85,RTN-0883
FRAUD-RTN-0884,Customer,CUST-0290,HIGH,92,RTN-0884
FRAUD-RTN-0885,Seller,SELL-0042,HIGH,88,RTN-0885
FRAUD-RTN-0888,Customer,CUST-0527,HIGH,89,RTN-0888
FRAUD-RTN-0889,Customer,CUST-0921,CRITICAL,96,RTN-0889
FRAUD-RTN-0890,Customer,CUST-0316,HIGH,98,RTN-0890
FRAUD-RTN-0892,Seller,SELL-0056,HIGH,99,RTN-0892
FRAUD-RTN-0893,Seller,SELL-0028,HIGH,94,RTN-0893
FRAUD-RTN-0899,Customer,CUST-0337,HIGH,94,RTN-0899
FRAUD-RTN-0901,Seller,SELL-0063,HIGH,95,RTN-0901
FRAUD-RTN-0902,Customer,CUST-0624,CRITICAL,85,RTN-0902
FRAUD-RTN-0904,Customer,CUST-0470,HIGH,92,RTN-0904
FRAUD-RTN-0905,Seller,SELL-0017,HIGH,90,RTN-0905
FRAUD-RTN-0906,Customer,CUST-0605,CRITICAL,99,RTN-0906
FRAUD-RTN-0909,Customer,CUST-0505,HIGH,87,RTN-0909
FRAUD-RTN-0911,Seller,SELL-0073,HIGH,93,RTN-0911
FRAUD-RTN-0913,Customer,CUST-0301,HIGH,98,RTN-0913
FRAUD-RTN-0914,Customer,CUST-0741,HIGH,85,RTN-0914
FRAUD-RTN-0915,Customer,CUST-0533,HIGH,91,RTN-0915
FRAUD-RTN-0916,Seller,SELL-0042,HIGH,90,RTN-0916
FRAUD-RTN-0919,Customer,CUST-0140,HIGH,98,RTN-0919
FRAUD-RTN-0920,Customer,CUST-0287,CRITICAL,90,RTN-0920
FRAUD-RTN-0921,Customer,CUST-0515,HIGH,94,RTN-0921
FRAUD-RTN-0923,Customer,CUST-0200,CRITICAL,90,RTN-0923
FRAUD-RTN-0926,Customer,CUST-0329,HIGH,91,RTN-0926
FRAUD-RTN-0927,Customer,CUST-0316,HIGH,88,RTN-0927
FRAUD-RTN-0928,Customer,CUST-0904,CRITICAL,97,RTN-0928
FRAUD-RTN-0929,Customer,CUST-0800,HIGH,92,RTN-0929
FRAUD-RTN-0931,Seller,SELL-0091,HIGH,97,RTN-0931
FRAUD-RTN-0933,Customer,CUST-0438,HIGH,92,RTN-0933
FRAUD-RTN-0934,Customer,CUST-0336,HIGH,97,RTN-0934
FRAUD-RTN-0935,Customer,CUST-0085,HIGH,93,RTN-0935
FRAUD-RTN-0936,Seller,SELL-0053,HIGH,99,RTN-0936
FRAUD-RTN-0938,Seller,SELL-0042,HIGH,88,RTN-0938
FRAUD-RTN-0939,Customer,CUST-0487,HIGH,95,RTN-0939
FRAUD-RTN-0942,Seller,SELL-0046,HIGH,89,RTN-0942
FRAUD-RTN-0943,Customer,CUST-0041,HIGH,89,RTN-0943
FRAUD-RTN-0944,Seller,SELL-0051,HIGH,95,RTN-0944
FRAUD-RTN-0946,Customer,CUST-0167,HIGH,98,RTN-0946
FRAUD-RTN-0947,Seller,SELL-0075,HIGH,99,RTN-0947
FRAUD-RTN-0949,Customer,CUST-0934,HIGH,99,RTN-0949
FRAUD-RTN-0950,Customer,CUST-0457,HIGH,98,RTN-0950
FRAUD-RTN-0952,Customer,CUST-0264,HIGH,90,RTN-0952
FRAUD-RTN-0956,Customer,CUST-0455,CRITICAL,92,RTN-0956
FRAUD-RTN-0958,Seller,SELL-0063,HIGH,92,RTN-0958
FRAUD-RTN-0959,Customer,CUST-0623,CRITICAL,90,RTN-0959
FRAUD-RTN-0960,Customer,CUST-0044,HIGH,97,RTN-0960
FRAUD-RTN-0962,Customer,CUST-0346,HIGH,96,RTN-0962
FRAUD-RTN-0964,Customer,CUST-0143,CRITICAL,90,RTN-0964
FRAUD-RTN-0965,Customer,CUST-0393,HIGH,89,RTN-0965
FRAUD-RTN-0966,Seller,SELL-0042,HIGH,99,RTN-0966
FRAUD-RTN-0968,Customer,CUST-0099,CRITICAL,94,RTN-0968
FRAUD-RTN-0969,Customer,CUST-0069,CRITICAL,92,RTN-0969
FRAUD-RTN-0970,Seller,SELL-0042,HIGH,96,RTN-0970
FRAUD-RTN-0972,Customer,CUST-0572,CRITICAL,85,RTN-0972
FRAUD-RTN-0975,Customer,CUST-0688,HIGH,95,RTN-0975
FRAUD-RTN-0976,Customer,CUST-0089,CRITICAL,91,RTN-0976
FRAUD-RTN-0977,Customer,CUST-0186,HIGH,88,RTN-0977
FRAUD-RTN-0980,Customer,CUST-0558,CRITICAL,98,RTN-0980
FRAUD-RTN-0982,Seller,SELL-0042,HIGH,94,RTN-0982
FRAUD-RTN-0984,Seller,SELL-0027,HIGH,89,RTN-0984
FRAUD-RTN-0985,Customer,CUST-0507,HIGH,96,RTN-0985
FRAUD-RTN-0986,Customer,CUST-0902,HIGH,99,RTN-0986
FRAUD-RTN-0987,Seller,SELL-0042,HIGH,99,RTN-0987
FRAUD-RTN-0988,Customer,CUST-0528,HIGH,98,RTN-0988
FRAUD-RTN-0990,Customer,CUST-0226,HIGH,85,RTN-0990
FRAUD-RTN-0991,Customer,CUST-0850,HIGH,93,RTN-0991
FRAUD-RTN-0992,Seller,SELL-0042,HIGH,92,RTN-0992
FRAUD-RTN-0994,Customer,CUST-0774,HIGH,94,RTN-0994
FRAUD-RTN-0995,Customer,CUST-0499,HIGH,94,RTN-0995
FRAUD-RTN-0997,Customer,CUST-0511,CRITICAL,89,RTN-0997
FRAUD-RTN-0999,Customer,CUST-0312,HIGH,85,RTN-0999
FRAUD-RTN-1001,Seller,SELL-0082,HIGH,89,RTN-1001
FRAUD-RTN-1002,Customer,CUST-0221,HIGH,95,RTN-1002
FRAUD-RTN-1007,Customer,CUST-0871,CRITICAL,92,RTN-1007
FRAUD-RTN-1008,Customer,CUST-0190,CRITICAL,98,RTN-1008
FRAUD-RTN-1009,Customer,CUST-0007,HIGH,98,RTN-1009
FRAUD-RTN-1011,Customer,CUST-0432,CRITICAL,89,RTN-1011
FRAUD-RTN-1012,Customer,CUST-0443,HIGH,95,RTN-1012
FRAUD-RTN-1017,Seller,SELL-0010,HIGH,93,RTN-1017
FRAUD-RTN-1018,Customer,CUST-0920,HIGH,90,RTN-1018
FRAUD-RTN-1020,Customer,CUST-0838,HIGH,99,RTN-1020
FRAUD-RTN-1021,Customer,CUST-0649,HIGH,92,RTN-1021
FRAUD-RTN-1023,Customer,CUST-0540,HIGH,89,RTN-1023
FRAUD-RTN-1024,Customer,CUST-0244,HIGH,99,RTN-1024
FRAUD-RTN-1025,Seller,SELL-0026,HIGH,85,RTN-1025
FRAUD-RTN-1026,Customer,CUST-0087,HIGH,92,RTN-1026
FRAUD-RTN-1029,Seller,SELL-0054,HIGH,90,RTN-1029
FRAUD-RTN-1030,Customer,CUST-0946,HIGH,88,RTN-1030
FRAUD-RTN-1031,Customer,CUST-0548,CRITICAL,88,RTN-1031
FRAUD-RTN-1032,Customer,CUST-0656,CRITICAL,97,RTN-1032
FRAUD-RTN-1033,Customer,CUST-0953,HIGH,94,RTN-1033
FRAUD-RTN-1034,Seller,SELL-0003,HIGH,90,RTN-1034
FRAUD-RTN-1035,Customer,CUST-0736,HIGH,85,RTN-1035
FRAUD-RTN-1037,Customer,CUST-0654,HIGH,97,RTN-1037
FRAUD-RTN-1038,Customer,CUST-0128,HIGH,96,RTN-1038
FRAUD-RTN-1039,Customer,CUST-0780,CRITICAL,92,RTN-1039
FRAUD-RTN-1040,Customer,CUST-0134,CRITICAL,88,RTN-1040
FRAUD-RTN-1042,Customer,CUST-0032,HIGH,98,RTN-1042
FRAUD-RTN-1045,Customer,CUST-0903,CRITICAL,96,RTN-1045
FRAUD-RTN-1046,Customer,CUST-0508,HIGH,86,RTN-1046
FRAUD-RTN-1049,Seller,SELL-0079,HIGH,93,RTN-1049
FRAUD-RTN-1052,Seller,SELL-0042,HIGH,90,RTN-1052
FRAUD-RTN-1053,Customer,CUST-0638,HIGH,91,RTN-1053
FRAUD-RTN-1054,Customer,CUST-0375,HIGH,92,RTN-1054
FRAUD-RTN-1057,Customer,CUST-0870,CRITICAL,92,RTN-1057
FRAUD-RTN-1058,Customer,CUST-0707,CRITICAL,92,RTN-1058
FRAUD-RTN-1059,Customer,CUST-0203,HIGH,93,RTN-1059
FRAUD-RTN-1060,Customer,CUST-0160,HIGH,86,RTN-1060
FRAUD-RTN-1061,Seller,SELL-0021,HIGH,96,RTN-1061
FRAUD-RTN-1062,Seller,SELL-0089,HIGH,93,RTN-1062
FRAUD-RTN-1063,Customer,CUST-0159,CRITICAL,89,RTN-1063
FRAUD-RTN-1064,Customer,CUST-0270,CRITICAL,86,RTN-1064
FRAUD-RTN-1065,Seller,SELL-0066,HIGH,89,RTN-1065
FRAUD-RTN-1066,Seller,SELL-0006,HIGH,93,RTN-1066
FRAUD-RTN-1067,Customer,CUST-0718,CRITICAL,89,RTN-1067
FRAUD-RTN-1068,Customer,CUST-0904,HIGH,94,RTN-1068
FRAUD-RTN-1069,Customer,CUST-0850,HIGH,91,RTN-1069
FRAUD-RTN-1071,Customer,CUST-0289,CRITICAL,93,RTN-1071
FRAUD-RTN-1072,Customer,CUST-0131,HIGH,90,RTN-1072
FRAUD-RTN-1076,Customer,CUST-0492,HIGH,90,RTN-1076
FRAUD-RTN-1080,Seller,SELL-0063,HIGH,98,RTN-1080
FRAUD-RTN-1082,Seller,SELL-0033,HIGH,94,RTN-1082
FRAUD-RTN-1087,Customer,CUST-0500,HIGH,99,RTN-1087
FRAUD-RTN-1088,Customer,CUST-0399,HIGH,88,RTN-1088
FRAUD-RTN-1089,Seller,SELL-0042,HIGH,85,RTN-1089
FRAUD-RTN-1090,Customer,CUST-0118,CRITICAL,92,RTN-1090
FRAUD-RTN-1091,Customer,CUST-0706,CRITICAL,90,RTN-1091
FRAUD-RTN-1095,Customer,CUST-0953,HIGH,89,RTN-1095
FRAUD-RTN-1096,Customer,CUST-0727,CRITICAL,95,RTN-1096
FRAUD-RTN-1097,Customer,CUST-0013,HIGH,97,RTN-1097
FRAUD-RTN-1099,Customer,CUST-0801,HIGH,98,RTN-1099
FRAUD-RTN-1101,Customer,CUST-0812,CRITICAL,86,RTN-1101
FRAUD-RTN-1102,Customer,CUST-0359,CRITICAL,98,RTN-1102
FRAUD-RTN-1104,Customer,CUST-0610,CRITICAL,87,RTN-1104
FRAUD-RTN-1105,Customer,CUST-0961,CRITICAL,93,RTN-1105
FRAUD-RTN-1107,Seller,SELL-0023,HIGH,93,RTN-1107
FRAUD-RTN-1111,Customer,CUST-0039,HIGH,92,RTN-1111
FRAUD-RTN-1116,Customer,CUST-0544,CRITICAL,91,RTN-1116
FRAUD-RTN-1117,Customer,CUST-0726,HIGH,92,RTN-1117
FRAUD-RTN-1118,Customer,CUST-0334,HIGH,93,RTN-1118
FRAUD-RTN-1119,Customer,CUST-0446,HIGH,93,RTN-1119
FRAUD-RTN-1120,Customer,CUST-0119,CRITICAL,99,RTN-1120
FRAUD-RTN-1121,Customer,CUST-0884,HIGH,92,RTN-1121
FRAUD-RTN-1122,Customer,CUST-0206,CRITICAL,90,RTN-1122
FRAUD-RTN-1123,Customer,CUST-0324,HIGH,96,RTN-1123
FRAUD-RTN-1125,Seller,SELL-0062,HIGH,91,RTN-1125
FRAUD-RTN-1128,Customer,CUST-0738,HIGH,91,RTN-1128
FRAUD-RTN-1129,Customer,CUST-0763,HIGH,90,RTN-1129
FRAUD-RTN-1133,Customer,CUST-0236,HIGH,95,RTN-1133
FRAUD-RTN-1134,Customer,CUST-0229,HIGH,88,RTN-1134
FRAUD-RTN-1135,Customer,CUST-0371,HIGH,88,RTN-1135
FRAUD-RTN-1137,Customer,CUST-0462,CRITICAL,99,RTN-1137
FRAUD-RTN-1138,Customer,CUST-0525,HIGH,92,RTN-1138
FRAUD-RTN-1139,Customer,CUST-0457,HIGH,94,RTN-1139
FRAUD-RTN-1140,Customer,CUST-0362,HIGH,93,RTN-1140
FRAUD-RTN-1141,Customer,CUST-0155,CRITICAL,98,RTN-1141
FRAUD-RTN-1142,Customer,CUST-0579,CRITICAL,96,RTN-1142
FRAUD-RTN-1145,Customer,CUST-0228,HIGH,86,RTN-1145
FRAUD-RTN-1146,Customer,CUST-0815,HIGH,88,RTN-1146
FRAUD-RTN-1148,Customer,CUST-0750,HIGH,91,RTN-1148
FRAUD-RTN-1149,Customer,CUST-0054,CRITICAL,97,RTN-1149
FRAUD-RTN-1151,Customer,CUST-0682,HIGH,85,RTN-1151
FRAUD-RTN-1153,Customer,CUST-0734,HIGH,93,RTN-1153
FRAUD-RTN-1155,Seller,SELL-0015,HIGH,89,RTN-1155
FRAUD-RTN-1156,Customer,CUST-0157,HIGH,86,RTN-1156
FRAUD-RTN-1157,Customer,CUST-0320,HIGH,98,RTN-1157
FRAUD-RTN-1158,Customer,CUST-0983,HIGH,98,RTN-1158
FRAUD-RTN-1159,Seller,SELL-0001,HIGH,97,RTN-1159
