product_id,title,category,brand,price_inr,seller_id
PROD-0001,Generic Beauty Item 1,Beauty,Generic,795,SELL-0035
PROD-0002,TechPro Electronics Item 2,Electronics,TechPro,926,SELL-0043
PROD-0003,TechPro Electronics Item 3,Electronics,TechPro,4990,SELL-0055
PROD-0004,Generic Beauty Item 4,Beauty,Generic,4130,SELL-0077
PROD-0005,UrbanThreads Fashion Item 5,Fashion,UrbanThreads,1286,SELL-0093
PROD-0006,Generic Beauty Item 6,Beauty,Generic,2049,SELL-0066
PROD-0007,SprintX Footwear Item 7,Footwear,SprintX,4441,SELL-0070
PROD-0008,WalkEase Footwear Item 8,Footwear,WalkEase,4175,SELL-0048
PROD-0009,SoundMax Electronics Item 9,Electronics,SoundMax,3907,SELL-0065
PROD-0010,DesiVibe Fashion Item 10,Fashion,DesiVibe,781,SELL-0082
PROD-0011,SoundMax Electronics Item 11,Electronics,SoundMax,4973,SELL-0040
PROD-0012,WalkEase Footwear Item 12,Footwear,WalkEase,2233,SELL-0053
PROD-0013,Generic Home & Kitchen Item 13,Home & Kitchen,Generic,795,SELL-0015
PROD-0014,Electro-Clone Electronics Item 14,Electronics,Electro-Clone,2870,SELL-0005
PROD-0015,Generic Beauty Item 15,Beauty,Generic,3011,SELL-0061
PROD-0016,Generic Beauty Item 16,Beauty,Generic,2308,SELL-0027
PROD-0017,Electro-Clone Electronics Item 17,Electronics,Electro-Clone,3337,SELL-0094
PROD-0018,Zara-Clone Fashion Item 18,Fashion,Zara-Clone,4766,SELL-0019
PROD-0019,Generic Home & Kitchen Item 19,Home & Kitchen,Generic,3749,SELL-0074
PROD-0020,Generic Home & Kitchen Item 20,Home & Kitchen,Generic,518,SELL-0075
PROD-0021,Generic Beauty Item 21,Beauty,Generic,1518,SELL-0046
PROD-0022,Generic Beauty Item 22,Beauty,Generic,2572,SELL-0078
PROD-0023,WalkEase Footwear Item 23,Footwear,WalkEase,307,SELL-0043
PROD-0024,DesiVibe Fashion Item 24,Fashion,DesiVibe,1905,SELL-0075
PROD-0025,DesiVibe Fashion Item 25,Fashion,DesiVibe,4433,SELL-0025
PROD-0026,Electro-Clone Electronics Item 26,Electronics,Electro-Clone,3731,SELL-0085
PROD-0027,SoundMax Electronics Item 27,Electronics,SoundMax,3763,SELL-0076
PROD-0028,TechPro Electronics Item 28,Electronics,TechPro,4614,SELL-0091
PROD-0029,Electro-Clone Electronics Item 29,Electronics,Electro-Clone,3065,SELL-0044
PROD-0030,Electro-Clone Electronics Item 30,Electronics,Electro-Clone,2548,SELL-0046
PROD-0031,Generic Home & Kitchen Item 31,Home & Kitchen,Generic,2908,SELL-0017
PROD-0032,Generic Home & Kitchen Item 32,Home & Kitchen,Generic,2850,SELL-0071
PROD-0033,Generic Home & Kitchen Item 33,Home & Kitchen,Generic,3108,SELL-0078
PROD-0034,WalkEase Footwear Item 34,Footwear,WalkEase,2034,SELL-0041
PROD-0035,Generic Home & Kitchen Item 35,Home & Kitchen,Generic,725,SELL-0093
PROD-0036,WalkEase Footwear Item 36,Footwear,WalkEase,2587,SELL-0018
PROD-0037,SprintX Footwear Item 37,Footwear,SprintX,2723,SELL-0098
PROD-0038,Electro-Clone Electronics Item 38,Electronics,Electro-Clone,887,SELL-0093
PROD-0039,Generic Beauty Item 39,Beauty,Generic,1493,SELL-0078
PROD-0040,SprintX Footwear Item 40,Footwear,SprintX,2490,SELL-0034
PROD-0041,SprintX Footwear Item 41,Footwear,SprintX,1177,SELL-0005
PROD-0042,Generic Home & Kitchen Item 42,Home & Kitchen,Generic,1267,SELL-0071
PROD-0043,SoundMax Electronics Item 43,Electronics,SoundMax,703,SELL-0055
PROD-0044,Generic Beauty Item 44,Beauty,Generic,3037,SELL-0060
PROD-0045,SprintX Footwear Item 45,Footwear,SprintX,4898,SELL-0068
PROD-0046,Sneaker-Clone Footwear Item 46,Footwear,Sneaker-Clone,490,SELL-0090
PROD-0047,TechPro Electronics Item 47,Electronics,TechPro,2243,SELL-0004
PROD-0048,UrbanThreads Fashion Item 48,Fashion,UrbanThreads,1662,SELL-0057
PROD-0049,DesiVibe Fashion Item 49,Fashion,DesiVibe,1655,SELL-0079
PROD-0050,UrbanThreads Fashion Item 50,Fashion,UrbanThreads,3432,SELL-0039
PROD-0051,UrbanThreads Fashion Item 51,Fashion,UrbanThreads,1409,SELL-0076
PROD-0052,Generic Home & Kitchen Item 52,Home & Kitchen,Generic,1258,SELL-0033
PROD-0053,Generic Beauty Item 53,Beauty,Generic,3769,SELL-0019
PROD-0054,Zara-Clone Fashion Item 54,Fashion,Zara-Clone,1599,SELL-0012
PROD-0055,WalkEase Footwear Item 55,Footwear,WalkEase,779,SELL-0015
PROD-0056,Generic Home & Kitchen Item 56,Home & Kitchen,Generic,4194,SELL-0007
PROD-0057,DesiVibe Fashion Item 57,Fashion,DesiVibe,3020,SELL-0073
PROD-0058,Generic Beauty Item 58,Beauty,Generic,2347,SELL-0029
PROD-0059,UrbanThreads Fashion Item 59,Fashion,UrbanThreads,4060,SELL-0089
PROD-0060,TechPro Electronics Item 60,Electronics,TechPro,1580,SELL-0094
PROD-0061,UrbanThreads Fashion Item 61,Fashion,UrbanThreads,3747,SELL-0056
PROD-0062,Electro-Clone Electronics Item 62,Electronics,Electro-Clone,1512,SELL-0043
PROD-0063,Generic Home & Kitchen Item 63,Home & Kitchen,Generic,3110,SELL-0075
PROD-0064,Generic Home & Kitchen Item 64,Home & Kitchen,Generic,685,SELL-0069
PROD-0065,SprintX Footwear Item 65,Footwear,SprintX,1940,SELL-0059
PROD-0066,Electro-Clone Electronics Item 66,Electronics,Electro-Clone,2770,SELL-0080
PROD-0067,Generic Home & Kitchen Item 67,Home & Kitchen,Generic,4532,SELL-0043
PROD-0068,Generic Beauty Item 68,Beauty,Generic,4836,SELL-0096
PROD-0069,SoundMax Electronics Item 69,Electronics,SoundMax,4375,SELL-0074
PROD-0070,Generic Home & Kitchen Item 70,Home & Kitchen,Generic,707,SELL-0007
PROD-0071,Generic Home & Kitchen Item 71,Home & Kitchen,Generic,2786,SELL-0048
PROD-0072,WalkEase Footwear Item 72,Footwear,WalkEase,3207,SELL-0087
PROD-0073,Generic Beauty Item 73,Beauty,Generic,2329,SELL-0076
PROD-0074,SoundMax Electronics Item 74,Electronics,SoundMax,439,SELL-0034
PROD-0075,Generic Home & Kitchen Item 75,Home & Kitchen,Generic,3776,SELL-0093
PROD-0076,Generic Beauty Item 76,Beauty,Generic,2020,SELL-0055
PROD-0077,Generic Home & Kitchen Item 77,Home & Kitchen,Generic,1182,SELL-0038
PROD-0078,SoundMax Electronics Item 78,Electronics,SoundMax,2490,SELL-0030
PROD-0079,Generic Home & Kitchen Item 79,Home & Kitchen,Generic,3473,SELL-0017
PROD-0080,UrbanThreads Fashion Item 80,Fashion,UrbanThreads,1016,SELL-0053
PROD-0081,SprintX Footwear Item 81,Footwear,SprintX,4690,SELL-0067
PROD-0082,SprintX Footwear Item 82,Footwear,SprintX,3458,SELL-0017
PROD-0083,DesiVibe Fashion Item 83,Fashion,DesiVibe,2190,SELL-0054
PROD-0084,Generic Home & Kitchen Item 84,Home & Kitchen,Generic,732,SELL-0041
PROD-0085,Generic Home & Kitchen Item 85,Home & Kitchen,Generic,903,SELL-0038
PROD-0086,SoundMax Electronics Item 86,Electronics,SoundMax,1333,SELL-0016
PROD-0087,Generic Beauty Item 87,Beauty,Generic,1099,SELL-0089
PROD-0088,WalkEase Footwear Item 88,Footwear,WalkEase,4957,SELL-0033
PROD-0089,TechPro Electronics Item 89,Electronics,TechPro,406,SELL-0015
PROD-0090,Generic Beauty Item 90,Beauty,Generic,3210,SELL-0074
PROD-0091,Sneaker-Clone Footwear Item 91,Footwear,Sneaker-Clone,2056,SELL-0060
PROD-0092,Generic Beauty Item 92,Beauty,Generic,2375,SELL-0014
PROD-0093,Generic Home & Kitchen Item 93,Home & Kitchen,Generic,1108,SELL-0034
PROD-0094,UrbanThreads Fashion Item 94,Fashion,UrbanThreads,3739,SELL-0025
PROD-0095,Generic Home & Kitchen Item 95,Home & Kitchen,Generic,3950,SELL-0057
PROD-0096,Generic Home & Kitchen Item 96,Home & Kitchen,Generic,4465,SELL-0036
PROD-0097,Zara-Clone Fashion Item 97,Fashion,Zara-Clone,2106,SELL-0091
PROD-0098,Sneaker-Clone Footwear Item 98,Footwear,Sneaker-Clone,2143,SELL-0079
PROD-0099,WalkEase Footwear Item 99,Footwear,WalkEase,1933,SELL-0007
PROD-0100,Electro-Clone Electronics Item 100,Electronics,Electro-Clone,442,SELL-0072
PROD-0101,Generic Beauty Item 101,Beauty,Generic,4825,SELL-0079
PROD-0102,WalkEase Footwear Item 102,Footwear,WalkEase,2351,SELL-0075
PROD-0103,Generic Beauty Item 103,Beauty,Generic,962,SELL-0018
PROD-0104,Generic Home & Kitchen Item 104,Home & Kitchen,Generic,2971,SELL-0097
PROD-0105,Generic Home & Kitchen Item 105,Home & Kitchen,Generic,1146,SELL-0052
PROD-0106,Generic Home & Kitchen Item 106,Home & Kitchen,Generic,4519,SELL-0003
PROD-0107,TechPro Electronics Item 107,Electronics,TechPro,4743,SELL-0057
PROD-0108,Generic Home & Kitchen Item 108,Home & Kitchen,Generic,699,SELL-0006
PROD-0109,Sneaker-Clone Footwear Item 109,Footwear,Sneaker-Clone,4888,SELL-0092
PROD-0110,Generic Beauty Item 110,Beauty,Generic,637,SELL-0041
PROD-0111,Generic Home & Kitchen Item 111,Home & Kitchen,Generic,1279,SELL-0087
PROD-0112,Generic Beauty Item 112,Beauty,Generic,4614,SELL-0099
PROD-0113,TechPro Electronics Item 113,Electronics,TechPro,2343,SELL-0063
PROD-0114,Generic Home & Kitchen Item 114,Home & Kitchen,Generic,1876,SELL-0097
PROD-0115,Generic Beauty Item 115,Beauty,Generic,1019,SELL-0016
PROD-0116,Zara-Clone Fashion Item 116,Fashion,Zara-Clone,873,SELL-0051
PROD-0117,UrbanThreads Fashion Item 117,Fashion,UrbanThreads,2918,SELL-0054
PROD-0118,UrbanThreads Fashion Item 118,Fashion,UrbanThreads,4091,SELL-0005
PROD-0119,UrbanThreads Fashion Item 119,Fashion,UrbanThreads,2045,SELL-0012
PROD-0120,WalkEase Footwear Item 120,Footwear,WalkEase,2713,SELL-0021
PROD-0121,SoundMax Electronics Item 121,Electronics,SoundMax,2361,SELL-0050
PROD-0122,Generic Home & Kitchen Item 122,Home & Kitchen,Generic,3317,SELL-0030
PROD-0123,Generic Home & Kitchen Item 123,Home & Kitchen,Generic,4591,SELL-0076
PROD-0124,TechPro Electronics Item 124,Electronics,TechPro,2206,SELL-0096
PROD-0125,Generic Beauty Item 125,Beauty,Generic,1441,SELL-0035
PROD-0126,Generic Home & Kitchen Item 126,Home & Kitchen,Generic,4128,SELL-0065
PROD-0127,Generic Beauty Item 127,Beauty,Generic,536,SELL-0016
PROD-0128,Generic Beauty Item 128,Beauty,Generic,2995,SELL-0023
PROD-0129,Generic Home & Kitchen Item 129,Home & Kitchen,Generic,1489,SELL-0071
PROD-0130,Zara-Clone Fashion Item 130,Fashion,Zara-Clone,4995,SELL-0049
PROD-0131,Generic Beauty Item 131,Beauty,Generic,2484,SELL-0003
PROD-0132,Zara-Clone Fashion Item 132,Fashion,Zara-Clone,3760,SELL-0059
PROD-0133,Generic Beauty Item 133,Beauty,Generic,4657,SELL-0092
PROD-0134,SoundMax Electronics Item 134,Electronics,SoundMax,1980,SELL-0051
PROD-0135,TechPro Electronics Item 135,Electronics,TechPro,4459,SELL-0099
PROD-0136,DesiVibe Fashion Item 136,Fashion,DesiVibe,936,SELL-0043
PROD-0137,Generic Beauty Item 137,Beauty,Generic,4023,SELL-0066
PROD-0138,SprintX Footwear Item 138,Footwear,SprintX,698,SELL-0060
PROD-0139,Generic Beauty Item 139,Beauty,Generic,3265,SELL-0036
PROD-0140,Generic Beauty Item 140,Beauty,Generic,580,SELL-0046
PROD-0141,DesiVibe Fashion Item 141,Fashion,DesiVibe,1615,SELL-0056
PROD-0142,Generic Beauty Item 142,Beauty,Generic,3167,SELL-0057
PROD-0143,Generic Beauty Item 143,Beauty,Generic,3176,SELL-0058
PROD-0144,Generic Beauty Item 144,Beauty,Generic,1619,SELL-0038
PROD-0145,Generic Home & Kitchen Item 145,Home & Kitchen,Generic,1103,SELL-0068
PROD-0146,SoundMax Electronics Item 146,Electronics,SoundMax,2363,SELL-0032
PROD-0147,Generic Beauty Item 147,Beauty,Generic,1655,SELL-0090
PROD-0148,Electro-Clone Electronics Item 148,Electronics,Electro-Clone,2878,SELL-0091
PROD-0149,Generic Beauty Item 149,Beauty,Generic,3217,SELL-0100
PROD-0150,SprintX Footwear Item 150,Footwear,SprintX,4195,SELL-0079
PROD-0151,WalkEase Footwear Item 151,Footwear,WalkEase,3815,SELL-0084
PROD-0152,Generic Home & Kitchen Item 152,Home & Kitchen,Generic,4042,SELL-0066
PROD-0153,Generic Home & Kitchen Item 153,Home & Kitchen,Generic,2110,SELL-0055
PROD-0154,TechPro Electronics Item 154,Electronics,TechPro,3647,SELL-0081
PROD-0155,Electro-Clone Electronics Item 155,Electronics,Electro-Clone,6582,SELL-0042
PROD-0156,Generic Beauty Item 156,Beauty,Generic,3666,SELL-0005
PROD-0157,Generic Home & Kitchen Item 157,Home & Kitchen,Generic,3372,SELL-0088
PROD-0158,Zara-Clone Fashion Item 158,Fashion,Zara-Clone,2976,SELL-0083
PROD-0159,DesiVibe Fashion Item 159,Fashion,DesiVibe,4728,SELL-0037
PROD-0160,SprintX Footwear Item 160,Footwear,SprintX,448,SELL-0093
PROD-0161,TechPro Electronics Item 161,Electronics,TechPro,598,SELL-0060
PROD-0162,UrbanThreads Fashion Item 162,Fashion,UrbanThreads,1217,SELL-0007
PROD-0163,Generic Beauty Item 163,Beauty,Generic,2593,SELL-0014
PROD-0164,Generic Home & Kitchen Item 164,Home & Kitchen,Generic,2136,SELL-0024
PROD-0165,Electro-Clone Electronics Item 165,Electronics,Electro-Clone,13472,SELL-0042
PROD-0166,Generic Home & Kitchen Item 166,Home & Kitchen,Generic,2006,SELL-0094
PROD-0167,Generic Home & Kitchen Item 167,Home & Kitchen,Generic,4717,SELL-0085
PROD-0168,UrbanThreads Fashion Item 168,Fashion,UrbanThreads,4127,SELL-0047
PROD-0169,SprintX Footwear Item 169,Footwear,SprintX,1607,SELL-0054
PROD-0170,Electro-Clone Electronics Item 170,Electronics,Electro-Clone,1733,SELL-0043
PROD-0171,SoundMax Electronics Item 171,Electronics,SoundMax,610,SELL-0001
PROD-0172,SoundMax Electronics Item 172,Electronics,SoundMax,1364,SELL-0064
PROD-0173,DesiVibe Fashion Item 173,Fashion,DesiVibe,1429,SELL-0012
PROD-0174,TechPro Electronics Item 174,Electronics,TechPro,1335,SELL-0048
PROD-0175,Generic Beauty Item 175,Beauty,Generic,707,SELL-0074
PROD-0176,DesiVibe Fashion Item 176,Fashion,DesiVibe,4687,SELL-0064
PROD-0177,Sneaker-Clone Footwear Item 177,Footwear,Sneaker-Clone,1812,SELL-0031
PROD-0178,SprintX Footwear Item 178,Footwear,SprintX,1977,SELL-0008
PROD-0179,SoundMax Electronics Item 179,Electronics,SoundMax,3124,SELL-0097
PROD-0180,Generic Beauty Item 180,Beauty,Generic,3333,SELL-0044
PROD-0181,TechPro Electronics Item 181,Electronics,TechPro,2557,SELL-0059
PROD-0182,WalkEase Footwear Item 182,Footwear,WalkEase,2400,SELL-0039
PROD-0183,WalkEase Footwear Item 183,Footwear,WalkEase,2763,SELL-0051
PROD-0184,Zara-Clone Fashion Item 184,Fashion,Zara-Clone,2171,SELL-0075
PROD-0185,Zara-Clone Fashion Item 185,Fashion,Zara-Clone,2209,SELL-0010
PROD-0186,SoundMax Electronics Item 186,Electronics,SoundMax,4472,SELL-0096
PROD-0187,Generic Home & Kitchen Item 187,Home & Kitchen,Generic,3146,SELL-0095
PROD-0188,Electro-Clone Electronics Item 188,Electronics,Electro-Clone,14428,SELL-0042
PROD-0189,Generic Home & Kitchen Item 189,Home & Kitchen,Generic,4999,SELL-0035
PROD-0190,Generic Beauty Item 190,Beauty,Generic,2557,SELL-0004
PROD-0191,SoundMax Electronics Item 191,Electronics,SoundMax,3067,SELL-0089
PROD-0192,Sneaker-Clone Footwear Item 192,Footwear,Sneaker-Clone,3449,SELL-0039
PROD-0193,Generic Beauty Item 193,Beauty,Generic,1978,SELL-0091
PROD-0194,Sneaker-Clone Footwear Item 194,Footwear,Sneaker-Clone,1393,SELL-0070
PROD-0195,Sneaker-Clone Footwear Item 195,Footwear,Sneaker-Clone,4037,SELL-0078
PROD-0196,Generic Home & Kitchen Item 196,Home & Kitchen,Generic,393,SELL-0008
PROD-0197,UrbanThreads Fashion Item 197,Fashion,UrbanThreads,955,SELL-0062
PROD-0198,Generic Beauty Item 198,Beauty,Generic,954,SELL-0044
PROD-0199,Generic Beauty Item 199,Beauty,Generic,862,SELL-0069
PROD-0200,Zara-Clone Fashion Item 200,Fashion,Zara-Clone,2801,SELL-0054
PROD-0201,WalkEase Footwear Item 201,Footwear,WalkEase,2653,SELL-0002
PROD-0202,TechPro Electronics Item 202,Electronics,TechPro,2703,SELL-0062
PROD-0203,UrbanThreads Fashion Item 203,Fashion,UrbanThreads,1242,SELL-0006
PROD-0204,Generic Home & Kitchen Item 204,Home & Kitchen,Generic,1672,SELL-0067
PROD-0205,TechPro Electronics Item 205,Electronics,TechPro,4188,SELL-0100
PROD-0206,SoundMax Electronics Item 206,Electronics,SoundMax,1573,SELL-0007
PROD-0207,Generic Beauty Item 207,Beauty,Generic,2382,SELL-0005
PROD-0208,WalkEase Footwear Item 208,Footwear,WalkEase,3911,SELL-0068
PROD-0209,DesiVibe Fashion Item 209,Fashion,DesiVibe,4797,SELL-0049
PROD-0210,Generic Beauty Item 210,Beauty,Generic,3258,SELL-0065
PROD-0211,Generic Beauty Item 211,Beauty,Generic,4411,SELL-0040
PROD-0212,Generic Home & Kitchen Item 212,Home & Kitchen,Generic,1099,SELL-0046
PROD-0213,SoundMax Electronics Item 213,Electronics,SoundMax,3431,SELL-0019
PROD-0214,SprintX Footwear Item 214,Footwear,SprintX,4184,SELL-0051
PROD-0215,Generic Beauty Item 215,Beauty,Generic,4851,SELL-0003
PROD-0216,Generic Home & Kitchen Item 216,Home & Kitchen,Generic,2595,SELL-0024
PROD-0217,TechPro Electronics Item 217,Electronics,TechPro,3880,SELL-0096
PROD-0218,DesiVibe Fashion Item 218,Fashion,DesiVibe,1477,SELL-0097
PROD-0219,TechPro Electronics Item 219,Electronics,TechPro,2915,SELL-0010
PROD-0220,Generic Beauty Item 220,Beauty,Generic,1601,SELL-0074
PROD-0221,Generic Beauty Item 221,Beauty,Generic,3621,SELL-0058
PROD-0222,DesiVibe Fashion Item 222,Fashion,DesiVibe,3636,SELL-0091
PROD-0223,Electro-Clone Electronics Item 223,Electronics,Electro-Clone,583,SELL-0016
PROD-0224,Generic Beauty Item 224,Beauty,Generic,4606,SELL-0028
PROD-0225,SprintX Footwear Item 225,Footwear,SprintX,1680,SELL-0068
PROD-0226,Generic Beauty Item 226,Beauty,Generic,1935,SELL-0099
PROD-0227,UrbanThreads Fashion Item 227,Fashion,UrbanThreads,4618,SELL-0035
PROD-0228,Electro-Clone Electronics Item 228,Electronics,Electro-Clone,731,SELL-0034
PROD-0229,WalkEase Footwear Item 229,Footwear,WalkEase,629,SELL-0100
PROD-0230,Electro-Clone Electronics Item 230,Electronics,Electro-Clone,4124,SELL-0053
PROD-0231,Generic Home & Kitchen Item 231,Home & Kitchen,Generic,3867,SELL-0034
PROD-0232,Zara-Clone Fashion Item 232,Fashion,Zara-Clone,2909,SELL-0076
PROD-0233,Generic Home & Kitchen Item 233,Home & Kitchen,Generic,2498,SELL-0063
PROD-0234,Generic Beauty Item 234,Beauty,Generic,1937,SELL-0091
PROD-0235,Generic Beauty Item 235,Beauty,Generic,945,SELL-0100
PROD-0236,Zara-Clone Fashion Item 236,Fashion,Zara-Clone,3971,SELL-0041
PROD-0237,Electro-Clone Electronics Item 237,Electronics,Electro-Clone,4981,SELL-0014
PROD-0238,Generic Home & Kitchen Item 238,Home & Kitchen,Generic,4990,SELL-0021
PROD-0239,WalkEase Footwear Item 239,Footwear,WalkEase,2136,SELL-0051
PROD-0240,Sneaker-Clone Footwear Item 240,Footwear,Sneaker-Clone,4197,SELL-0092
PROD-0241,Zara-Clone Fashion Item 241,Fashion,Zara-Clone,2634,SELL-0061
PROD-0242,SprintX Footwear Item 242,Footwear,SprintX,952,SELL-0073
PROD-0243,Generic Beauty Item 243,Beauty,Generic,4518,SELL-0039
PROD-0244,Electro-Clone Electronics Item 244,Electronics,Electro-Clone,2226,SELL-0037
PROD-0245,TechPro Electronics Item 245,Electronics,TechPro,1518,SELL-0036
PROD-0246,Electro-Clone Electronics Item 246,Electronics,Electro-Clone,11347,SELL-0042
PROD-0247,SprintX Footwear Item 247,Footwear,SprintX,1262,SELL-0043
PROD-0248,Generic Beauty Item 248,Beauty,Generic,2505,SELL-0049
PROD-0249,SoundMax Electronics Item 249,Electronics,SoundMax,4529,SELL-0021
PROD-0250,SoundMax Electronics Item 250,Electronics,SoundMax,4890,SELL-0094
PROD-0251,Generic Beauty Item 251,Beauty,Generic,735,SELL-0046
PROD-0252,Electro-Clone Electronics Item 252,Electronics,Electro-Clone,4046,SELL-0043
PROD-0253,TechPro Electronics Item 253,Electronics,TechPro,3826,SELL-0089
PROD-0254,DesiVibe Fashion Item 254,Fashion,DesiVibe,535,SELL-0093
PROD-0255,WalkEase Footwear Item 255,Footwear,WalkEase,819,SELL-0034
PROD-0256,Sneaker-Clone Footwear Item 256,Footwear,Sneaker-Clone,3290,SELL-0094
PROD-0257,Generic Beauty Item 257,Beauty,Generic,3968,SELL-0087
PROD-0258,Generic Beauty Item 258,Beauty,Generic,3249,SELL-0100
PROD-0259,Generic Beauty Item 259,Beauty,Generic,987,SELL-0067
PROD-0260,Generic Beauty Item 260,Beauty,Generic,1205,SELL-0093
PROD-0261,Generic Home & Kitchen Item 261,Home & Kitchen,Generic,1897,SELL-0041
PROD-0262,SoundMax Electronics Item 262,Electronics,SoundMax,4948,SELL-0043
PROD-0263,WalkEase Footwear Item 263,Footwear,WalkEase,1639,SELL-0055
PROD-0264,UrbanThreads Fashion Item 264,Fashion,UrbanThreads,855,SELL-0084
PROD-0265,WalkEase Footwear Item 265,Footwear,WalkEase,4101,SELL-0056
PROD-0266,Zara-Clone Fashion Item 266,Fashion,Zara-Clone,2187,SELL-0066
PROD-0267,Zara-Clone Fashion Item 267,Fashion,Zara-Clone,500,SELL-0086
PROD-0268,Electro-Clone Electronics Item 268,Electronics,Electro-Clone,4994,SELL-0008
PROD-0269,Generic Home & Kitchen Item 269,Home & Kitchen,Generic,1419,SELL-0086
PROD-0270,DesiVibe Fashion Item 270,Fashion,DesiVibe,3304,SELL-0072
PROD-0271,Generic Home & Kitchen Item 271,Home & Kitchen,Generic,1478,SELL-0003
PROD-0272,TechPro Electronics Item 272,Electronics,TechPro,3889,SELL-0011
PROD-0273,Electro-Clone Electronics Item 273,Electronics,Electro-Clone,4173,SELL-0033
PROD-0274,DesiVibe Fashion Item 274,Fashion,DesiVibe,1297,SELL-0056
PROD-0275,UrbanThreads Fashion Item 275,Fashion,UrbanThreads,3657,SELL-0028
PROD-0276,Sneaker-Clone Footwear Item 276,Footwear,Sneaker-Clone,897,SELL-0013
PROD-0277,Generic Beauty Item 277,Beauty,Generic,4365,SELL-0072
PROD-0278,TechPro Electronics Item 278,Electronics,TechPro,2357,SELL-0080
PROD-0279,Generic Beauty Item 279,Beauty,Generic,767,SELL-0015
PROD-0280,Generic Beauty Item 280,Beauty,Generic,4382,SELL-0031
PROD-0281,Generic Beauty Item 281,Beauty,Generic,670,SELL-0021
PROD-0282,UrbanThreads Fashion Item 282,Fashion,UrbanThreads,3689,SELL-0067
PROD-0283,Generic Home & Kitchen Item 283,Home & Kitchen,Generic,1811,SELL-0004
PROD-0284,DesiVibe Fashion Item 284,Fashion,DesiVibe,4683,SELL-0067
PROD-0285,Generic Beauty Item 285,Beauty,Generic,4232,SELL-0055
PROD-0286,Generic Home & Kitchen Item 286,Home & Kitchen,Generic,2506,SELL-0007
PROD-0287,SprintX Footwear Item 287,Footwear,SprintX,3855,SELL-0071
PROD-0288,Sneaker-Clone Footwear Item 288,Footwear,Sneaker-Clone,1342,SELL-0068
PROD-0289,Generic Home & Kitchen Item 289,Home & Kitchen,Generic,696,SELL-0032
PROD-0290,SprintX Footwear Item 290,Footwear,SprintX,3871,SELL-0083
PROD-0291,TechPro Electronics Item 291,Electronics,TechPro,1146,SELL-0067
PROD-0292,TechPro Electronics Item 292,Electronics,TechPro,625,SELL-0038
PROD-0293,Generic Home & Kitchen Item 293,Home & Kitchen,Generic,1001,SELL-0008
PROD-0294,Generic Beauty Item 294,Beauty,Generic,3389,SELL-0013
PROD-0295,SprintX Footwear Item 295,Footwear,SprintX,4593,SELL-0049
PROD-0296,UrbanThreads Fashion Item 296,Fashion,UrbanThreads,2792,SELL-0057
PROD-0297,Sneaker-Clone Footwear Item 297,Footwear,Sneaker-Clone,864,SELL-0014
PROD-0298,Generic Home & Kitchen Item 298,Home & Kitchen,Generic,3854,SELL-0078
PROD-0299,Generic Home & Kitchen Item 299,Home & Kitchen,Generic,3418,SELL-0036
PROD-0300,Generic Home & Kitchen Item 300,Home & Kitchen,Generic,3485,SELL-0024
PROD-0301,WalkEase Footwear Item 301,Footwear,WalkEase,428,SELL-0037
PROD-0302,UrbanThreads Fashion Item 302,Fashion,UrbanThreads,3323,SELL-0050
PROD-0303,SprintX Footwear Item 303,Footwear,SprintX,1128,SELL-0033
PROD-0304,Generic Home & Kitchen Item 304,Home & Kitchen,Generic,1204,SELL-0096
PROD-0305,Generic Home & Kitchen Item 305,Home & Kitchen,Generic,562,SELL-0073
PROD-0306,SoundMax Electronics Item 306,Electronics,SoundMax,2413,SELL-0075
PROD-0307,TechPro Electronics Item 307,Electronics,TechPro,3468,SELL-0085
PROD-0308,Generic Home & Kitchen Item 308,Home & Kitchen,Generic,2824,SELL-0016
PROD-0309,Generic Home & Kitchen Item 309,Home & Kitchen,Generic,3168,SELL-0090
PROD-0310,TechPro Electronics Item 310,Electronics,TechPro,1627,SELL-0036
PROD-0311,Generic Beauty Item 311,Beauty,Generic,2860,SELL-0020
PROD-0312,Electro-Clone Electronics Item 312,Electronics,Electro-Clone,3571,SELL-0041
PROD-0313,Generic Home & Kitchen Item 313,Home & Kitchen,Generic,1949,SELL-0031
PROD-0314,SoundMax Electronics Item 314,Electronics,SoundMax,4470,SELL-0081
PROD-0315,UrbanThreads Fashion Item 315,Fashion,UrbanThreads,2546,SELL-0077
PROD-0316,Zara-Clone Fashion Item 316,Fashion,Zara-Clone,4712,SELL-0089
PROD-0317,Generic Home & Kitchen Item 317,Home & Kitchen,Generic,2284,SELL-0095
PROD-0318,Sneaker-Clone Footwear Item 318,Footwear,Sneaker-Clone,4774,SELL-0057
PROD-0319,SoundMax Electronics Item 319,Electronics,SoundMax,1904,SELL-0034
PROD-0320,SoundMax Electronics Item 320,Electronics,SoundMax,929,SELL-0010
PROD-0321,Generic Home & Kitchen Item 321,Home & Kitchen,Generic,1417,SELL-0010
PROD-0322,Generic Home & Kitchen Item 322,Home & Kitchen,Generic,1038,SELL-0040
PROD-0323,UrbanThreads Fashion Item 323,Fashion,UrbanThreads,3711,SELL-0091
PROD-0324,Electro-Clone Electronics Item 324,Electronics,Electro-Clone,2988,SELL-0007
PROD-0325,Electro-Clone Electronics Item 325,Electronics,Electro-Clone,404,SELL-0080
PROD-0326,TechPro Electronics Item 326,Electronics,TechPro,3564,SELL-0078
PROD-0327,UrbanThreads Fashion Item 327,Fashion,UrbanThreads,4359,SELL-0033
PROD-0328,Generic Beauty Item 328,Beauty,Generic,4462,SELL-0092
PROD-0329,SprintX Footwear Item 329,Footwear,SprintX,2916,SELL-0012
PROD-0330,Generic Beauty Item 330,Beauty,Generic,933,SELL-0080
PROD-0331,Generic Home & Kitchen Item 331,Home & Kitchen,Generic,2137,SELL-0067
PROD-0332,Zara-Clone Fashion Item 332,Fashion,Zara-Clone,4605,SELL-0082
PROD-0333,Zara-Clone Fashion Item 333,Fashion,Zara-Clone,2839,SELL-0001
PROD-0334,Generic Beauty Item 334,Beauty,Generic,4700,SELL-0038
PROD-0335,Electro-Clone Electronics Item 335,Electronics,Electro-Clone,3127,SELL-0005
PROD-0336,Generic Home & Kitchen Item 336,Home & Kitchen,Generic,1729,SELL-0012
PROD-0337,SprintX Footwear Item 337,Footwear,SprintX,3469,SELL-0034
PROD-0338,Zara-Clone Fashion Item 338,Fashion,Zara-Clone,4130,SELL-0097
PROD-0339,Generic Beauty Item 339,Beauty,Generic,3476,SELL-0097
PROD-0340,SprintX Footwear Item 340,Footwear,SprintX,1675,SELL-0093
PROD-0341,WalkEase Footwear Item 341,Footwear,WalkEase,2043,SELL-0072
PROD-0342,Generic Home & Kitchen Item 342,Home & Kitchen,Generic,1387,SELL-0064
PROD-0343,Generic Beauty Item 343,Beauty,Generic,406,SELL-0030
PROD-0344,UrbanThreads Fashion Item 344,Fashion,UrbanThreads,2785,SELL-0051
PROD-0345,Generic Home & Kitchen Item 345,Home & Kitchen,Generic,528,SELL-0001
PROD-0346,Zara-Clone Fashion Item 346,Fashion,Zara-Clone,2084,SELL-0100
PROD-0347,TechPro Electronics Item 347,Electronics,TechPro,1963,SELL-0061
PROD-0348,Generic Home & Kitchen Item 348,Home & Kitchen,Generic,2323,SELL-0047
PROD-0349,SoundMax Electronics Item 349,Electronics,SoundMax,3349,SELL-0019
PROD-0350,TechPro Electronics Item 350,Electronics,TechPro,4044,SELL-0092
PROD-0351,Generic Beauty Item 351,Beauty,Generic,4498,SELL-0086
PROD-0352,TechPro Electronics Item 352,Electronics,TechPro,2895,SELL-0060
PROD-0353,DesiVibe Fashion Item 353,Fashion,DesiVibe,4312,SELL-0070
PROD-0354,UrbanThreads Fashion Item 354,Fashion,UrbanThreads,317,SELL-0007
PROD-0355,SprintX Footwear Item 355,Footwear,SprintX,2845,SELL-0073
PROD-0356,Electro-Clone Electronics Item 356,Electronics,Electro-Clone,6753,SELL-0042
PROD-0357,Generic Home & Kitchen Item 357,Home & Kitchen,Generic,3686,SELL-0065
PROD-0358,Zara-Clone Fashion Item 358,Fashion,Zara-Clone,806,SELL-0095
PROD-0359,Generic Beauty Item 359,Beauty,Generic,2111,SELL-0041
PROD-0360,Zara-Clone Fashion Item 360,Fashion,Zara-Clone,2367,SELL-0012
PROD-0361,SoundMax Electronics Item 361,Electronics,SoundMax,4322,SELL-0058
PROD-0362,Generic Beauty Item 362,Beauty,Generic,668,SELL-0058
PROD-0363,Generic Home & Kitchen Item 363,Home & Kitchen,Generic,4189,SELL-0097
PROD-0364,Generic Home & Kitchen Item 364,Home & Kitchen,Generic,2413,SELL-0017
PROD-0365,Generic Home & Kitchen Item 365,Home & Kitchen,Generic,884,SELL-0083
PROD-0366,Generic Beauty Item 366,Beauty,Generic,783,SELL-0056
PROD-0367,Generic Beauty Item 367,Beauty,Generic,3702,SELL-0021
PROD-0368,SprintX Footwear Item 368,Footwear,SprintX,2282,SELL-0024
PROD-0369,DesiVibe Fashion Item 369,Fashion,DesiVibe,844,SELL-0030
PROD-0370,Generic Home & Kitchen Item 370,Home & Kitchen,Generic,4085,SELL-0091
PROD-0371,UrbanThreads Fashion Item 371,Fashion,UrbanThreads,426,SELL-0078
PROD-0372,Generic Home & Kitchen Item 372,Home & Kitchen,Generic,4388,SELL-0055
PROD-0373,Generic Home & Kitchen Item 373,Home & Kitchen,Generic,422,SELL-0029
PROD-0374,Generic Beauty Item 374,Beauty,Generic,2723,SELL-0065
PROD-0375,Zara-Clone Fashion Item 375,Fashion,Zara-Clone,1752,SELL-0065
PROD-0376,Generic Beauty Item 376,Beauty,Generic,2015,SELL-0049
PROD-0377,Generic Home & Kitchen Item 377,Home & Kitchen,Generic,2156,SELL-0001
PROD-0378,WalkEase Footwear Item 378,Footwear,WalkEase,982,SELL-0029
PROD-0379,Generic Home & Kitchen Item 379,Home & Kitchen,Generic,2968,SELL-0028
PROD-0380,Generic Beauty Item 380,Beauty,Generic,3639,SELL-0088
PROD-0381,Generic Beauty Item 381,Beauty,Generic,984,SELL-0095
PROD-0382,Generic Beauty Item 382,Beauty,Generic,1815,SELL-0021
PROD-0383,Generic Home & Kitchen Item 383,Home & Kitchen,Generic,4379,SELL-0014
PROD-0384,Electro-Clone Electronics Item 384,Electronics,Electro-Clone,2564,SELL-0071
PROD-0385,UrbanThreads Fashion Item 385,Fashion,UrbanThreads,4747,SELL-0025
PROD-0386,Generic Home & Kitchen Item 386,Home & Kitchen,Generic,488,SELL-0099
PROD-0387,Generic Home & Kitchen Item 387,Home & Kitchen,Generic,2704,SELL-0022
PROD-0388,Generic Beauty Item 388,Beauty,Generic,765,SELL-0041
PROD-0389,Generic Beauty Item 389,Beauty,Generic,3422,SELL-0062
PROD-0390,Generic Beauty Item 390,Beauty,Generic,2869,SELL-0049
PROD-0391,Electro-Clone Electronics Item 391,Electronics,Electro-Clone,3244,SELL-0088
PROD-0392,WalkEase Footwear Item 392,Footwear,WalkEase,3109,SELL-0074
PROD-0393,TechPro Electronics Item 393,Electronics,TechPro,3354,SELL-0037
PROD-0394,Generic Home & Kitchen Item 394,Home & Kitchen,Generic,3342,SELL-0065
PROD-0395,Generic Beauty Item 395,Beauty,Generic,2578,SELL-0098
PROD-0396,Electro-Clone Electronics Item 396,Electronics,Electro-Clone,5247,SELL-0042
PROD-0397,Generic Beauty Item 397,Beauty,Generic,4579,SELL-0028
PROD-0398,Generic Beauty Item 398,Beauty,Generic,1664,SELL-0016
PROD-0399,SprintX Footwear Item 399,Footwear,SprintX,1094,SELL-0092
PROD-0400,SoundMax Electronics Item 400,Electronics,SoundMax,4685,SELL-0055
PROD-0401,UrbanThreads Fashion Item 401,Fashion,UrbanThreads,4802,SELL-0026
PROD-0402,Electro-Clone Electronics Item 402,Electronics,Electro-Clone,3997,SELL-0050
PROD-0403,Generic Home & Kitchen Item 403,Home & Kitchen,Generic,1475,SELL-0052
PROD-0404,Generic Home & Kitchen Item 404,Home & Kitchen,Generic,4417,SELL-0034
PROD-0405,Generic Home & Kitchen Item 405,Home & Kitchen,Generic,1752,SELL-0086
PROD-0406,UrbanThreads Fashion Item 406,Fashion,UrbanThreads,3737,SELL-0023
PROD-0407,SprintX Footwear Item 407,Footwear,SprintX,1305,SELL-0030
PROD-0408,TechPro Electronics Item 408,Electronics,TechPro,3588,SELL-0003
PROD-0409,WalkEase Footwear Item 409,Footwear,WalkEase,4961,SELL-0084
PROD-0410,Generic Beauty Item 410,Beauty,Generic,4212,SELL-0033
PROD-0411,Generic Beauty Item 411,Beauty,Generic,4643,SELL-0033
PROD-0412,Electro-Clone Electronics Item 412,Electronics,Electro-Clone,1181,SELL-0031
PROD-0413,Generic Beauty Item 413,Beauty,Generic,2334,SELL-0003
PROD-0414,Electro-Clone Electronics Item 414,Electronics,Electro-Clone,4921,SELL-0046
PROD-0415,Generic Beauty Item 415,Beauty,Generic,3128,SELL-0032
PROD-0416,SprintX Footwear Item 416,Footwear,SprintX,1923,SELL-0069
PROD-0417,Generic Home & Kitchen Item 417,Home & Kitchen,Generic,4412,SELL-0060
PROD-0418,Generic Beauty Item 418,Beauty,Generic,617,SELL-0100
PROD-0419,SoundMax Electronics Item 419,Electronics,SoundMax,2862,SELL-0089
PROD-0420,Generic Home & Kitchen Item 420,Home & Kitchen,Generic,312,SELL-0067
PROD-0421,Sneaker-Clone Footwear Item 421,Footwear,Sneaker-Clone,3282,SELL-0100
PROD-0422,UrbanThreads Fashion Item 422,Fashion,UrbanThreads,531,SELL-0073
PROD-0423,WalkEase Footwear Item 423,Footwear,WalkEase,2878,SELL-0001
PROD-0424,Generic Beauty Item 424,Beauty,Generic,1955,SELL-0023
PROD-0425,WalkEase Footwear Item 425,Footwear,WalkEase,797,SELL-0001
PROD-0426,SprintX Footwear Item 426,Footwear,SprintX,768,SELL-0003
PROD-0427,Generic Home & Kitchen Item 427,Home & Kitchen,Generic,650,SELL-0055
PROD-0428,Zara-Clone Fashion Item 428,Fashion,Zara-Clone,1367,SELL-0022
PROD-0429,SoundMax Electronics Item 429,Electronics,SoundMax,331,SELL-0002
PROD-0430,DesiVibe Fashion Item 430,Fashion,DesiVibe,1876,SELL-0069
PROD-0431,SoundMax Electronics Item 431,Electronics,SoundMax,1904,SELL-0048
PROD-0432,SprintX Footwear Item 432,Footwear,SprintX,626,SELL-0029
PROD-0433,Generic Beauty Item 433,Beauty,Generic,3039,SELL-0056
PROD-0434,Generic Home & Kitchen Item 434,Home & Kitchen,Generic,501,SELL-0031
PROD-0435,Generic Beauty Item 435,Beauty,Generic,1187,SELL-0076
PROD-0436,DesiVibe Fashion Item 436,Fashion,DesiVibe,2161,SELL-0007
PROD-0437,SoundMax Electronics Item 437,Electronics,SoundMax,3278,SELL-0091
PROD-0438,Generic Beauty Item 438,Beauty,Generic,984,SELL-0064
PROD-0439,Electro-Clone Electronics Item 439,Electronics,Electro-Clone,3652,SELL-0004
PROD-0440,TechPro Electronics Item 440,Electronics,TechPro,4901,SELL-0011
PROD-0441,Generic Home & Kitchen Item 441,Home & Kitchen,Generic,2913,SELL-0090
PROD-0442,UrbanThreads Fashion Item 442,Fashion,UrbanThreads,4361,SELL-0080
PROD-0443,Electro-Clone Electronics Item 443,Electronics,Electro-Clone,2167,SELL-0005
PROD-0444,TechPro Electronics Item 444,Electronics,TechPro,4240,SELL-0020
PROD-0445,Zara-Clone Fashion Item 445,Fashion,Zara-Clone,3513,SELL-0087
PROD-0446,Generic Home & Kitchen Item 446,Home & Kitchen,Generic,4388,SELL-0017
PROD-0447,SprintX Footwear Item 447,Footwear,SprintX,2557,SELL-0013
PROD-0448,TechPro Electronics Item 448,Electronics,TechPro,4090,SELL-0013
PROD-0449,UrbanThreads Fashion Item 449,Fashion,UrbanThreads,4553,SELL-0089
PROD-0450,Sneaker-Clone Footwear Item 450,Footwear,Sneaker-Clone,4122,SELL-0071
PROD-0451,TechPro Electronics Item 451,Electronics,TechPro,546,SELL-0046
PROD-0452,Sneaker-Clone Footwear Item 452,Footwear,Sneaker-Clone,1126,SELL-0052
PROD-0453,TechPro Electronics Item 453,Electronics,TechPro,3627,SELL-0032
PROD-0454,Generic Beauty Item 454,Beauty,Generic,1297,SELL-0072
PROD-0455,Generic Home & Kitchen Item 455,Home & Kitchen,Generic,2124,SELL-0073
PROD-0456,Generic Home & Kitchen Item 456,Home & Kitchen,Generic,3133,SELL-0029
PROD-0457,Generic Home & Kitchen Item 457,Home & Kitchen,Generic,3519,SELL-0073
PROD-0458,WalkEase Footwear Item 458,Footwear,WalkEase,2970,SELL-0069
PROD-0459,Sneaker-Clone Footwear Item 459,Footwear,Sneaker-Clone,1764,SELL-0009
PROD-0460,SoundMax Electronics Item 460,Electronics,SoundMax,4996,SELL-0058
PROD-0461,SoundMax Electronics Item 461,Electronics,SoundMax,3261,SELL-0024
PROD-0462,TechPro Electronics Item 462,Electronics,TechPro,1843,SELL-0030
PROD-0463,TechPro Electronics Item 463,Electronics,TechPro,1864,SELL-0091
PROD-0464,Generic Home & Kitchen Item 464,Home & Kitchen,Generic,413,SELL-0092
PROD-0465,Generic Beauty Item 465,Beauty,Generic,3454,SELL-0093
PROD-0466,Zara-Clone Fashion Item 466,Fashion,Zara-Clone,3342,SELL-0052
PROD-0467,Generic Home & Kitchen Item 467,Home & Kitchen,Generic,2458,SELL-0044
PROD-0468,Sneaker-Clone Footwear Item 468,Footwear,Sneaker-Clone,4629,SELL-0090
PROD-0469,Generic Beauty Item 469,Beauty,Generic,1941,SELL-0091
PROD-0470,Electro-Clone Electronics Item 470,Electronics,Electro-Clone,419,SELL-0039
PROD-0471,DesiVibe Fashion Item 471,Fashion,DesiVibe,398,SELL-0024
PROD-0472,Generic Beauty Item 472,Beauty,Generic,1056,SELL-0098
PROD-0473,Generic Beauty Item 473,Beauty,Generic,3783,SELL-0075
PROD-0474,Zara-Clone Fashion Item 474,Fashion,Zara-Clone,1093,SELL-0007
PROD-0475,SoundMax Electronics Item 475,Electronics,SoundMax,308,SELL-0084
PROD-0476,Electro-Clone Electronics Item 476,Electronics,Electro-Clone,1087,SELL-0087
PROD-0477,Generic Home & Kitchen Item 477,Home & Kitchen,Generic,3099,SELL-0009
PROD-0478,Generic Home & Kitchen Item 478,Home & Kitchen,Generic,4162,SELL-0088
PROD-0479,DesiVibe Fashion Item 479,Fashion,DesiVibe,805,SELL-0051
PROD-0480,Generic Beauty Item 480,Beauty,Generic,2650,SELL-0026
PROD-0481,Generic Beauty Item 481,Beauty,Generic,3531,SELL-0092
PROD-0482,Generic Home & Kitchen Item 482,Home & Kitchen,Generic,1746,SELL-0087
PROD-0483,UrbanThreads Fashion Item 483,Fashion,UrbanThreads,689,SELL-0034
PROD-0484,Sneaker-Clone Footwear Item 484,Footwear,Sneaker-Clone,1713,SELL-0049
PROD-0485,WalkEase Footwear Item 485,Footwear,WalkEase,2218,SELL-0024
PROD-0486,Zara-Clone Fashion Item 486,Fashion,Zara-Clone,632,SELL-0079
PROD-0487,Generic Home & Kitchen Item 487,Home & Kitchen,Generic,3651,SELL-0059
PROD-0488,Generic Home & Kitchen Item 488,Home & Kitchen,Generic,3350,SELL-0056
PROD-0489,Generic Beauty Item 489,Beauty,Generic,1573,SELL-0099
PROD-0490,Generic Beauty Item 490,Beauty,Generic,3142,SELL-0006
PROD-0491,Generic Beauty Item 491,Beauty,Generic,422,SELL-0037
PROD-0492,Generic Home & Kitchen Item 492,Home & Kitchen,Generic,4616,SELL-0085
PROD-0493,TechPro Electronics Item 493,Electronics,TechPro,2855,SELL-0022
PROD-0494,Generic Home & Kitchen Item 494,Home & Kitchen,Generic,1521,SELL-0007
PROD-0495,Generic Beauty Item 495,Beauty,Generic,1446,SELL-0027
PROD-0496,Generic Beauty Item 496,Beauty,Generic,3713,SELL-0082
PROD-0497,Generic Beauty Item 497,Beauty,Generic,1328,SELL-0024
PROD-0498,Generic Home & Kitchen Item 498,Home & Kitchen,Generic,402,SELL-0044
PROD-0499,Zara-Clone Fashion Item 499,Fashion,Zara-Clone,782,SELL-0055
PROD-0500,TechPro Electronics Item 500,Electronics,TechPro,4138,SELL-0098
PROD-0501,Generic Beauty Item 501,Beauty,Generic,1614,SELL-0062
PROD-0502,WalkEase Footwear Item 502,Footwear,WalkEase,2237,SELL-0028
PROD-0503,Electro-Clone Electronics Item 503,Electronics,Electro-Clone,1327,SELL-0064
PROD-0504,Zara-Clone Fashion Item 504,Fashion,Zara-Clone,2444,SELL-0002
PROD-0505,Generic Home & Kitchen Item 505,Home & Kitchen,Generic,1095,SELL-0100
PROD-0506,Generic Home & Kitchen Item 506,Home & Kitchen,Generic,4348,SELL-0013
PROD-0507,SoundMax Electronics Item 507,Electronics,SoundMax,1036,SELL-0077
PROD-0508,Zara-Clone Fashion Item 508,Fashion,Zara-Clone,4681,SELL-0043
PROD-0509,Generic Beauty Item 509,Beauty,Generic,3941,SELL-0081
PROD-0510,Sneaker-Clone Footwear Item 510,Footwear,Sneaker-Clone,4289,SELL-0028
PROD-0511,SoundMax Electronics Item 511,Electronics,SoundMax,1962,SELL-0015
PROD-0512,Generic Beauty Item 512,Beauty,Generic,2759,SELL-0052
PROD-0513,Generic Beauty Item 513,Beauty,Generic,3358,SELL-0054
PROD-0514,DesiVibe Fashion Item 514,Fashion,DesiVibe,3374,SELL-0062
PROD-0515,Generic Beauty Item 515,Beauty,Generic,3071,SELL-0010
PROD-0516,Zara-Clone Fashion Item 516,Fashion,Zara-Clone,3307,SELL-0074
PROD-0517,Generic Home & Kitchen Item 517,Home & Kitchen,Generic,3914,SELL-0053
PROD-0518,TechPro Electronics Item 518,Electronics,TechPro,1162,SELL-0005
PROD-0519,Generic Beauty Item 519,Beauty,Generic,4440,SELL-0074
PROD-0520,UrbanThreads Fashion Item 520,Fashion,UrbanThreads,3647,SELL-0064
PROD-0521,TechPro Electronics Item 521,Electronics,TechPro,2458,SELL-0080
PROD-0522,WalkEase Footwear Item 522,Footwear,WalkEase,3129,SELL-0051
PROD-0523,TechPro Electronics Item 523,Electronics,TechPro,687,SELL-0045
PROD-0524,Generic Beauty Item 524,Beauty,Generic,957,SELL-0004
PROD-0525,Sneaker-Clone Footwear Item 525,Footwear,Sneaker-Clone,1876,SELL-0050
PROD-0526,Generic Beauty Item 526,Beauty,Generic,623,SELL-0089
PROD-0527,Electro-Clone Electronics Item 527,Electronics,Electro-Clone,3592,SELL-0076
PROD-0528,Generic Beauty Item 528,Beauty,Generic,1924,SELL-0096
PROD-0529,Electro-Clone Electronics Item 529,Electronics,Electro-Clone,420,SELL-0053
PROD-0530,SoundMax Electronics Item 530,Electronics,SoundMax,568,SELL-0093
PROD-0531,Electro-Clone Electronics Item 531,Electronics,Electro-Clone,1894,SELL-0001
PROD-0532,UrbanThreads Fashion Item 532,Fashion,UrbanThreads,1523,SELL-0082
PROD-0533,WalkEase Footwear Item 533,Footwear,WalkEase,982,SELL-0006
PROD-0534,Zara-Clone Fashion Item 534,Fashion,Zara-Clone,2387,SELL-0041
PROD-0535,DesiVibe Fashion Item 535,Fashion,DesiVibe,3391,SELL-0009
PROD-0536,UrbanThreads Fashion Item 536,Fashion,UrbanThreads,2858,SELL-0033
PROD-0537,WalkEase Footwear Item 537,Footwear,WalkEase,1994,SELL-0030
PROD-0538,Generic Beauty Item 538,Beauty,Generic,2184,SELL-0030
PROD-0539,Generic Beauty Item 539,Beauty,Generic,2157,SELL-0011
PROD-0540,Generic Home & Kitchen Item 540,Home & Kitchen,Generic,3839,SELL-0045
PROD-0541,Electro-Clone Electronics Item 541,Electronics,Electro-Clone,4897,SELL-0028
PROD-0542,SoundMax Electronics Item 542,Electronics,SoundMax,2071,SELL-0059
PROD-0543,Generic Home & Kitchen Item 543,Home & Kitchen,Generic,881,SELL-0009
PROD-0544,Generic Home & Kitchen Item 544,Home & Kitchen,Generic,4960,SELL-0096
PROD-0545,Generic Beauty Item 545,Beauty,Generic,4532,SELL-0009
PROD-0546,DesiVibe Fashion Item 546,Fashion,DesiVibe,3760,SELL-0061
PROD-0547,Generic Home & Kitchen Item 547,Home & Kitchen,Generic,915,SELL-0078
PROD-0548,TechPro Electronics Item 548,Electronics,TechPro,1262,SELL-0025
PROD-0549,Generic Beauty Item 549,Beauty,Generic,4184,SELL-0029
PROD-0550,UrbanThreads Fashion Item 550,Fashion,UrbanThreads,3656,SELL-0026
PROD-0551,Generic Beauty Item 551,Beauty,Generic,1447,SELL-0021
PROD-0552,Sneaker-Clone Footwear Item 552,Footwear,Sneaker-Clone,2965,SELL-0003
PROD-0553,Electro-Clone Electronics Item 553,Electronics,Electro-Clone,642,SELL-0079
PROD-0554,Generic Home & Kitchen Item 554,Home & Kitchen,Generic,2925,SELL-0005
PROD-0555,SprintX Footwear Item 555,Footwear,SprintX,2757,SELL-0017
PROD-0556,WalkEase Footwear Item 556,Footwear,WalkEase,731,SELL-0083
PROD-0557,Generic Beauty Item 557,Beauty,Generic,2331,SELL-0071
PROD-0558,Generic Home & Kitchen Item 558,Home & Kitchen,Generic,1259,SELL-0005
PROD-0559,Generic Home & Kitchen Item 559,Home & Kitchen,Generic,1983,SELL-0059
PROD-0560,DesiVibe Fashion Item 560,Fashion,DesiVibe,3849,SELL-0056
PROD-0561,Generic Beauty Item 561,Beauty,Generic,4398,SELL-0009
PROD-0562,Generic Home & Kitchen Item 562,Home & Kitchen,Generic,1680,SELL-0075
PROD-0563,Electro-Clone Electronics Item 563,Electronics,Electro-Clone,3648,SELL-0010
PROD-0564,SprintX Footwear Item 564,Footwear,SprintX,4457,SELL-0092
PROD-0565,WalkEase Footwear Item 565,Footwear,WalkEase,2613,SELL-0053
PROD-0566,WalkEase Footwear Item 566,Footwear,WalkEase,779,SELL-0023
PROD-0567,TechPro Electronics Item 567,Electronics,TechPro,4803,SELL-0064
PROD-0568,SoundMax Electronics Item 568,Electronics,SoundMax,3097,SELL-0082
PROD-0569,TechPro Electronics Item 569,Electronics,TechPro,2347,SELL-0034
PROD-0570,SprintX Footwear Item 570,Footwear,SprintX,2144,SELL-0004
PROD-0571,Zara-Clone Fashion Item 571,Fashion,Zara-Clone,2932,SELL-0005
PROD-0572,Generic Home & Kitchen Item 572,Home & Kitchen,Generic,4320,SELL-0090
PROD-0573,Generic Beauty Item 573,Beauty,Generic,4009,SELL-0016
PROD-0574,Generic Home & Kitchen Item 574,Home & Kitchen,Generic,4054,SELL-0063
PROD-0575,Electro-Clone Electronics Item 575,Electronics,Electro-Clone,4870,SELL-0051
PROD-0576,WalkEase Footwear Item 576,Footwear,WalkEase,1588,SELL-0070
PROD-0577,TechPro Electronics Item 577,Electronics,TechPro,3043,SELL-0072
PROD-0578,Generic Home & Kitchen Item 578,Home & Kitchen,Generic,1291,SELL-0012
PROD-0579,Generic Home & Kitchen Item 579,Home & Kitchen,Generic,4785,SELL-0037
PROD-0580,Sneaker-Clone Footwear Item 580,Footwear,Sneaker-Clone,1261,SELL-0063
PROD-0581,Generic Home & Kitchen Item 581,Home & Kitchen,Generic,2066,SELL-0100
PROD-0582,Generic Home & Kitchen Item 582,Home & Kitchen,Generic,2053,SELL-0071
PROD-0583,Generic Home & Kitchen Item 583,Home & Kitchen,Generic,1436,SELL-0028
PROD-0584,Generic Home & Kitchen Item 584,Home & Kitchen,Generic,1580,SELL-0085
PROD-0585,Generic Home & Kitchen Item 585,Home & Kitchen,Generic,2892,SELL-0037
PROD-0586,UrbanThreads Fashion Item 586,Fashion,UrbanThreads,3637,SELL-0051
PROD-0587,UrbanThreads Fashion Item 587,Fashion,UrbanThreads,1138,SELL-0034
PROD-0588,Generic Home & Kitchen Item 588,Home & Kitchen,Generic,4751,SELL-0049
PROD-0589,Electro-Clone Electronics Item 589,Electronics,Electro-Clone,9004,SELL-0042
PROD-0590,Generic Home & Kitchen Item 590,Home & Kitchen,Generic,1759,SELL-0004
PROD-0591,TechPro Electronics Item 591,Electronics,TechPro,1220,SELL-0025
PROD-0592,DesiVibe Fashion Item 592,Fashion,DesiVibe,4312,SELL-0088
PROD-0593,Sneaker-Clone Footwear Item 593,Footwear,Sneaker-Clone,2294,SELL-0092
PROD-0594,Generic Home & Kitchen Item 594,Home & Kitchen,Generic,1237,SELL-0024
PROD-0595,DesiVibe Fashion Item 595,Fashion,DesiVibe,4512,SELL-0074
PROD-0596,Generic Beauty Item 596,Beauty,Generic,3822,SELL-0030
PROD-0597,WalkEase Footwear Item 597,Footwear,WalkEase,4468,SELL-0076
PROD-0598,Generic Home & Kitchen Item 598,Home & Kitchen,Generic,1951,SELL-0064
PROD-0599,Generic Home & Kitchen Item 599,Home & Kitchen,Generic,2660,SELL-0013
PROD-0600,UrbanThreads Fashion Item 600,Fashion,UrbanThreads,471,SELL-0073
PROD-0601,Sneaker-Clone Footwear Item 601,Footwear,Sneaker-Clone,2701,SELL-0008
PROD-0602,DesiVibe Fashion Item 602,Fashion,DesiVibe,3491,SELL-0085
PROD-0603,DesiVibe Fashion Item 603,Fashion,DesiVibe,4965,SELL-0010
PROD-0604,Generic Beauty Item 604,Beauty,Generic,586,SELL-0041
PROD-0605,SoundMax Electronics Item 605,Electronics,SoundMax,2911,SELL-0023
PROD-0606,Generic Home & Kitchen Item 606,Home & Kitchen,Generic,3999,SELL-0016
PROD-0607,Electro-Clone Electronics Item 607,Electronics,Electro-Clone,2779,SELL-0060
PROD-0608,Electro-Clone Electronics Item 608,Electronics,Electro-Clone,946,SELL-0080
PROD-0609,Sneaker-Clone Footwear Item 609,Footwear,Sneaker-Clone,4450,SELL-0079
PROD-0610,Generic Home & Kitchen Item 610,Home & Kitchen,Generic,4455,SELL-0062
PROD-0611,Electro-Clone Electronics Item 611,Electronics,Electro-Clone,563,SELL-0030
PROD-0612,Generic Home & Kitchen Item 612,Home & Kitchen,Generic,938,SELL-0090
PROD-0613,Generic Beauty Item 613,Beauty,Generic,1467,SELL-0052
PROD-0614,UrbanThreads Fashion Item 614,Fashion,UrbanThreads,1899,SELL-0078
PROD-0615,Electro-Clone Electronics Item 615,Electronics,Electro-Clone,6986,SELL-0042
PROD-0616,Zara-Clone Fashion Item 616,Fashion,Zara-Clone,2024,SELL-0033
PROD-0617,Electro-Clone Electronics Item 617,Electronics,Electro-Clone,758,SELL-0063
PROD-0618,SprintX Footwear Item 618,Footwear,SprintX,814,SELL-0044
PROD-0619,Sneaker-Clone Footwear Item 619,Footwear,Sneaker-Clone,384,SELL-0028
PROD-0620,UrbanThreads Fashion Item 620,Fashion,UrbanThreads,584,SELL-0062
PROD-0621,Sneaker-Clone Footwear Item 621,Footwear,Sneaker-Clone,3839,SELL-0045
PROD-0622,SoundMax Electronics Item 622,Electronics,SoundMax,3389,SELL-0076
PROD-0623,Generic Home & Kitchen Item 623,Home & Kitchen,Generic,3114,SELL-0089
PROD-0624,SoundMax Electronics Item 624,Electronics,SoundMax,3775,SELL-0008
PROD-0625,WalkEase Footwear Item 625,Footwear,WalkEase,489,SELL-0086
PROD-0626,Generic Home & Kitchen Item 626,Home & Kitchen,Generic,369,SELL-0083
PROD-0627,UrbanThreads Fashion Item 627,Fashion,UrbanThreads,4216,SELL-0063
PROD-0628,UrbanThreads Fashion Item 628,Fashion,UrbanThreads,4625,SELL-0058
PROD-0629,Generic Beauty Item 629,Beauty,Generic,618,SELL-0030
PROD-0630,SoundMax Electronics Item 630,Electronics,SoundMax,2656,SELL-0086
PROD-0631,Electro-Clone Electronics Item 631,Electronics,Electro-Clone,3394,SELL-0017
PROD-0632,WalkEase Footwear Item 632,Footwear,WalkEase,4008,SELL-0036
PROD-0633,DesiVibe Fashion Item 633,Fashion,DesiVibe,888,SELL-0072
PROD-0634,Generic Beauty Item 634,Beauty,Generic,1133,SELL-0091
PROD-0635,Generic Beauty Item 635,Beauty,Generic,3691,SELL-0066
PROD-0636,TechPro Electronics Item 636,Electronics,TechPro,972,SELL-0054
PROD-0637,Generic Beauty Item 637,Beauty,Generic,4511,SELL-0021
PROD-0638,WalkEase Footwear Item 638,Footwear,WalkEase,3818,SELL-0058
PROD-0639,Generic Home & Kitchen Item 639,Home & Kitchen,Generic,1766,SELL-0002
PROD-0640,Generic Beauty Item 640,Beauty,Generic,2804,SELL-0090
PROD-0641,Generic Home & Kitchen Item 641,Home & Kitchen,Generic,4573,SELL-0090
PROD-0642,Generic Home & Kitchen Item 642,Home & Kitchen,Generic,2365,SELL-0010
PROD-0643,Zara-Clone Fashion Item 643,Fashion,Zara-Clone,2283,SELL-0069
PROD-0644,Generic Beauty Item 644,Beauty,Generic,4000,SELL-0094
PROD-0645,SoundMax Electronics Item 645,Electronics,SoundMax,945,SELL-0071
PROD-0646,Generic Beauty Item 646,Beauty,Generic,1178,SELL-0021
PROD-0647,UrbanThreads Fashion Item 647,Fashion,UrbanThreads,594,SELL-0026
PROD-0648,Generic Beauty Item 648,Beauty,Generic,764,SELL-0004
PROD-0649,Sneaker-Clone Footwear Item 649,Footwear,Sneaker-Clone,998,SELL-0005
PROD-0650,Generic Home & Kitchen Item 650,Home & Kitchen,Generic,2779,SELL-0014
PROD-0651,Generic Home & Kitchen Item 651,Home & Kitchen,Generic,1580,SELL-0021
PROD-0652,Generic Beauty Item 652,Beauty,Generic,1070,SELL-0046
PROD-0653,Generic Beauty Item 653,Beauty,Generic,1558,SELL-0035
PROD-0654,Generic Home & Kitchen Item 654,Home & Kitchen,Generic,915,SELL-0062
PROD-0655,DesiVibe Fashion Item 655,Fashion,DesiVibe,4716,SELL-0074
PROD-0656,Generic Home & Kitchen Item 656,Home & Kitchen,Generic,4317,SELL-0090
PROD-0657,DesiVibe Fashion Item 657,Fashion,DesiVibe,2035,SELL-0079
PROD-0658,Generic Beauty Item 658,Beauty,Generic,4603,SELL-0027
PROD-0659,UrbanThreads Fashion Item 659,Fashion,UrbanThreads,3330,SELL-0092
PROD-0660,TechPro Electronics Item 660,Electronics,TechPro,2186,SELL-0096
PROD-0661,Generic Beauty Item 661,Beauty,Generic,1028,SELL-0007
PROD-0662,Electro-Clone Electronics Item 662,Electronics,Electro-Clone,4644,SELL-0061
PROD-0663,Generic Home & Kitchen Item 663,Home & Kitchen,Generic,2178,SELL-0055
PROD-0664,Generic Beauty Item 664,Beauty,Generic,1894,SELL-0036
PROD-0665,DesiVibe Fashion Item 665,Fashion,DesiVibe,1062,SELL-0094
PROD-0666,Sneaker-Clone Footwear Item 666,Footwear,Sneaker-Clone,3815,SELL-0041
PROD-0667,DesiVibe Fashion Item 667,Fashion,DesiVibe,3472,SELL-0100
PROD-0668,SoundMax Electronics Item 668,Electronics,SoundMax,1173,SELL-0036
PROD-0669,Electro-Clone Electronics Item 669,Electronics,Electro-Clone,14624,SELL-0042
PROD-0670,UrbanThreads Fashion Item 670,Fashion,UrbanThreads,3882,SELL-0052
PROD-0671,SprintX Footwear Item 671,Footwear,SprintX,2808,SELL-0046
PROD-0672,Zara-Clone Fashion Item 672,Fashion,Zara-Clone,1836,SELL-0057
PROD-0673,Electro-Clone Electronics Item 673,Electronics,Electro-Clone,2252,SELL-0062
PROD-0674,TechPro Electronics Item 674,Electronics,TechPro,4103,SELL-0023
PROD-0675,Generic Home & Kitchen Item 675,Home & Kitchen,Generic,1883,SELL-0059
PROD-0676,WalkEase Footwear Item 676,Footwear,WalkEase,3100,SELL-0083
PROD-0677,SprintX Footwear Item 677,Footwear,SprintX,878,SELL-0031
PROD-0678,Electro-Clone Electronics Item 678,Electronics,Electro-Clone,526,SELL-0060
PROD-0679,Generic Beauty Item 679,Beauty,Generic,1364,SELL-0080
PROD-0680,Electro-Clone Electronics Item 680,Electronics,Electro-Clone,13362,SELL-0042
PROD-0681,Generic Home & Kitchen Item 681,Home & Kitchen,Generic,4575,SELL-0023
PROD-0682,SprintX Footwear Item 682,Footwear,SprintX,4849,SELL-0047
PROD-0683,Generic Beauty Item 683,Beauty,Generic,3352,SELL-0007
PROD-0684,Sneaker-Clone Footwear Item 684,Footwear,Sneaker-Clone,1976,SELL-0062
PROD-0685,SoundMax Electronics Item 685,Electronics,SoundMax,2601,SELL-0077
PROD-0686,UrbanThreads Fashion Item 686,Fashion,UrbanThreads,2540,SELL-0087
PROD-0687,WalkEase Footwear Item 687,Footwear,WalkEase,576,SELL-0078
PROD-0688,Zara-Clone Fashion Item 688,Fashion,Zara-Clone,1993,SELL-0034
PROD-0689,Generic Home & Kitchen Item 689,Home & Kitchen,Generic,2963,SELL-0021
PROD-0690,Generic Home & Kitchen Item 690,Home & Kitchen,Generic,2016,SELL-0028
PROD-0691,Sneaker-Clone Footwear Item 691,Footwear,Sneaker-Clone,4334,SELL-0043
PROD-0692,SoundMax Electronics Item 692,Electronics,SoundMax,999,SELL-0049
PROD-0693,UrbanThreads Fashion Item 693,Fashion,UrbanThreads,3320,SELL-0071
PROD-0694,TechPro Electronics Item 694,Electronics,TechPro,3455,SELL-0061
PROD-0695,WalkEase Footwear Item 695,Footwear,WalkEase,512,SELL-0063
PROD-0696,Generic Home & Kitchen Item 696,Home & Kitchen,Generic,398,SELL-0093
PROD-0697,DesiVibe Fashion Item 697,Fashion,DesiVibe,4357,SELL-0067
PROD-0698,Electro-Clone Electronics Item 698,Electronics,Electro-Clone,3641,SELL-0055
PROD-0699,DesiVibe Fashion Item 699,Fashion,DesiVibe,4276,SELL-0094
PROD-0700,Generic Home & Kitchen Item 700,Home & Kitchen,Generic,1746,SELL-0030
PROD-0701,TechPro Electronics Item 701,Electronics,TechPro,1874,SELL-0045
PROD-0702,TechPro Electronics Item 702,Electronics,TechPro,4314,SELL-0037
PROD-0703,Generic Home & Kitchen Item 703,Home & Kitchen,Generic,2432,SELL-0060
PROD-0704,Generic Home & Kitchen Item 704,Home & Kitchen,Generic,1534,SELL-0081
PROD-0705,Electro-Clone Electronics Item 705,Electronics,Electro-Clone,509,SELL-0044
PROD-0706,Generic Beauty Item 706,Beauty,Generic,1320,SELL-0001
PROD-0707,Generic Home & Kitchen Item 707,Home & Kitchen,Generic,1487,SELL-0057
PROD-0708,Generic Beauty Item 708,Beauty,Generic,2304,SELL-0022
PROD-0709,SprintX Footwear Item 709,Footwear,SprintX,3370,SELL-0064
PROD-0710,Generic Beauty Item 710,Beauty,Generic,2569,SELL-0064
PROD-0711,SprintX Footwear Item 711,Footwear,SprintX,1616,SELL-0036
PROD-0712,Generic Beauty Item 712,Beauty,Generic,1166,SELL-0036
PROD-0713,UrbanThreads Fashion Item 713,Fashion,UrbanThreads,4843,SELL-0067
PROD-0714,SprintX Footwear Item 714,Footwear,SprintX,2031,SELL-0009
PROD-0715,UrbanThreads Fashion Item 715,Fashion,UrbanThreads,3430,SELL-0027
PROD-0716,Electro-Clone Electronics Item 716,Electronics,Electro-Clone,4411,SELL-0011
PROD-0717,Generic Beauty Item 717,Beauty,Generic,3627,SELL-0052
PROD-0718,Generic Home & Kitchen Item 718,Home & Kitchen,Generic,4334,SELL-0030
PROD-0719,Generic Beauty Item 719,Beauty,Generic,2515,SELL-0062
PROD-0720,Sneaker-Clone Footwear Item 720,Footwear,Sneaker-Clone,2092,SELL-0016
PROD-0721,UrbanThreads Fashion Item 721,Fashion,UrbanThreads,4488,SELL-0079
PROD-0722,SprintX Footwear Item 722,Footwear,SprintX,1463,SELL-0080
PROD-0723,Generic Beauty Item 723,Beauty,Generic,478,SELL-0036
PROD-0724,SoundMax Electronics Item 724,Electronics,SoundMax,2788,SELL-0008
PROD-0725,Sneaker-Clone Footwear Item 725,Footwear,Sneaker-Clone,1664,SELL-0096
PROD-0726,SprintX Footwear Item 726,Footwear,SprintX,4850,SELL-0066
PROD-0727,UrbanThreads Fashion Item 727,Fashion,UrbanThreads,482,SELL-0013
PROD-0728,Generic Beauty Item 728,Beauty,Generic,534,SELL-0098
PROD-0729,Zara-Clone Fashion Item 729,Fashion,Zara-Clone,2708,SELL-0046
PROD-0730,Generic Home & Kitchen Item 730,Home & Kitchen,Generic,4479,SELL-0012
PROD-0731,SprintX Footwear Item 731,Footwear,SprintX,3485,SELL-0074
PROD-0732,Generic Home & Kitchen Item 732,Home & Kitchen,Generic,4075,SELL-0035
PROD-0733,Zara-Clone Fashion Item 733,Fashion,Zara-Clone,3592,SELL-0066
PROD-0734,SprintX Footwear Item 734,Footwear,SprintX,4575,SELL-0039
PROD-0735,Generic Home & Kitchen Item 735,Home & Kitchen,Generic,2351,SELL-0075
PROD-0736,Zara-Clone Fashion Item 736,Fashion,Zara-Clone,4571,SELL-0051
PROD-0737,TechPro Electronics Item 737,Electronics,TechPro,2414,SELL-0052
PROD-0738,TechPro Electronics Item 738,Electronics,TechPro,4938,SELL-0080
PROD-0739,SprintX Footwear Item 739,Footwear,SprintX,3468,SELL-0029
PROD-0740,TechPro Electronics Item 740,Electronics,TechPro,4689,SELL-0051
PROD-0741,Zara-Clone Fashion Item 741,Fashion,Zara-Clone,795,SELL-0027
PROD-0742,TechPro Electronics Item 742,Electronics,TechPro,945,SELL-0045
PROD-0743,Generic Beauty Item 743,Beauty,Generic,3947,SELL-0030
PROD-0744,Zara-Clone Fashion Item 744,Fashion,Zara-Clone,1802,SELL-0031
PROD-0745,Sneaker-Clone Footwear Item 745,Footwear,Sneaker-Clone,1919,SELL-0086
PROD-0746,Generic Home & Kitchen Item 746,Home & Kitchen,Generic,4023,SELL-0090
PROD-0747,Zara-Clone Fashion Item 747,Fashion,Zara-Clone,1590,SELL-0053
PROD-0748,Electro-Clone Electronics Item 748,Electronics,Electro-Clone,3101,SELL-0063
PROD-0749,Generic Beauty Item 749,Beauty,Generic,1694,SELL-0082
PROD-0750,Generic Beauty Item 750,Beauty,Generic,2572,SELL-0051
PROD-0751,WalkEase Footwear Item 751,Footwear,WalkEase,370,SELL-0088
PROD-0752,TechPro Electronics Item 752,Electronics,TechPro,571,SELL-0051
PROD-0753,SoundMax Electronics Item 753,Electronics,SoundMax,2963,SELL-0071
PROD-0754,WalkEase Footwear Item 754,Footwear,WalkEase,4470,SELL-0025
PROD-0755,Zara-Clone Fashion Item 755,Fashion,Zara-Clone,1849,SELL-0022
PROD-0756,Generic Home & Kitchen Item 756,Home & Kitchen,Generic,2013,SELL-0096
PROD-0757,Generic Home & Kitchen Item 757,Home & Kitchen,Generic,2493,SELL-0090
PROD-0758,Generic Beauty Item 758,Beauty,Generic,2825,SELL-0028
PROD-0759,Electro-Clone Electronics Item 759,Electronics,Electro-Clone,4243,SELL-0074
PROD-0760,DesiVibe Fashion Item 760,Fashion,DesiVibe,4989,SELL-0067
PROD-0761,Electro-Clone Electronics Item 761,Electronics,Electro-Clone,4363,SELL-0035
PROD-0762,UrbanThreads Fashion Item 762,Fashion,UrbanThreads,2944,SELL-0054
PROD-0763,WalkEase Footwear Item 763,Footwear,WalkEase,456,SELL-0033
PROD-0764,DesiVibe Fashion Item 764,Fashion,DesiVibe,1260,SELL-0089
PROD-0765,Generic Beauty Item 765,Beauty,Generic,4266,SELL-0037
PROD-0766,Sneaker-Clone Footwear Item 766,Footwear,Sneaker-Clone,809,SELL-0072
PROD-0767,SoundMax Electronics Item 767,Electronics,SoundMax,2546,SELL-0014
PROD-0768,Generic Beauty Item 768,Beauty,Generic,4195,SELL-0094
PROD-0769,Generic Beauty Item 769,Beauty,Generic,3978,SELL-0019
PROD-0770,UrbanThreads Fashion Item 770,Fashion,UrbanThreads,4533,SELL-0090
PROD-0771,Generic Home & Kitchen Item 771,Home & Kitchen,Generic,1124,SELL-0014
PROD-0772,DesiVibe Fashion Item 772,Fashion,DesiVibe,1074,SELL-0055
PROD-0773,Generic Beauty Item 773,Beauty,Generic,3836,SELL-0068
PROD-0774,SoundMax Electronics Item 774,Electronics,SoundMax,664,SELL-0004
PROD-0775,Generic Home & Kitchen Item 775,Home & Kitchen,Generic,3196,SELL-0090
PROD-0776,Sneaker-Clone Footwear Item 776,Footwear,Sneaker-Clone,1777,SELL-0011
PROD-0777,Generic Beauty Item 777,Beauty,Generic,1317,SELL-0090
PROD-0778,Electro-Clone Electronics Item 778,Electronics,Electro-Clone,4261,SELL-0001
PROD-0779,SprintX Footwear Item 779,Footwear,SprintX,1260,SELL-0041
PROD-0780,Generic Beauty Item 780,Beauty,Generic,615,SELL-0009
PROD-0781,DesiVibe Fashion Item 781,Fashion,DesiVibe,2139,SELL-0099
PROD-0782,DesiVibe Fashion Item 782,Fashion,DesiVibe,4219,SELL-0078
PROD-0783,Electro-Clone Electronics Item 783,Electronics,Electro-Clone,683,SELL-0028
PROD-0784,SprintX Footwear Item 784,Footwear,SprintX,2257,SELL-0076
PROD-0785,Generic Home & Kitchen Item 785,Home & Kitchen,Generic,3072,SELL-0057
PROD-0786,Generic Home & Kitchen Item 786,Home & Kitchen,Generic,4858,SELL-0074
PROD-0787,Zara-Clone Fashion Item 787,Fashion,Zara-Clone,1058,SELL-0081
PROD-0788,Generic Home & Kitchen Item 788,Home & Kitchen,Generic,4509,SELL-0089
PROD-0789,SprintX Footwear Item 789,Footwear,SprintX,2823,SELL-0052
PROD-0790,UrbanThreads Fashion Item 790,Fashion,UrbanThreads,637,SELL-0086
PROD-0791,Generic Beauty Item 791,Beauty,Generic,4217,SELL-0097
PROD-0792,TechPro Electronics Item 792,Electronics,TechPro,3278,SELL-0013
PROD-0793,Sneaker-Clone Footwear Item 793,Footwear,Sneaker-Clone,517,SELL-0057
PROD-0794,TechPro Electronics Item 794,Electronics,TechPro,626,SELL-0049
PROD-0795,DesiVibe Fashion Item 795,Fashion,DesiVibe,2799,SELL-0023
PROD-0796,Generic Beauty Item 796,Beauty,Generic,1939,SELL-0086
PROD-0797,SprintX Footwear Item 797,Footwear,SprintX,386,SELL-0016
PROD-0798,Generic Home & Kitchen Item 798,Home & Kitchen,Generic,4372,SELL-0029
PROD-0799,DesiVibe Fashion Item 799,Fashion,DesiVibe,2172,SELL-0064
PROD-0800,Generic Beauty Item 800,Beauty,Generic,819,SELL-0025
PROD-0801,Generic Home & Kitchen Item 801,Home & Kitchen,Generic,1698,SELL-0075
PROD-0802,SprintX Footwear Item 802,Footwear,SprintX,1941,SELL-0055
PROD-0803,SoundMax Electronics Item 803,Electronics,SoundMax,636,SELL-0061
PROD-0804,Zara-Clone Fashion Item 804,Fashion,Zara-Clone,3751,SELL-0022
PROD-0805,Generic Beauty Item 805,Beauty,Generic,1592,SELL-0065
PROD-0806,UrbanThreads Fashion Item 806,Fashion,UrbanThreads,4048,SELL-0081
PROD-0807,Generic Beauty Item 807,Beauty,Generic,503,SELL-0072
PROD-0808,DesiVibe Fashion Item 808,Fashion,DesiVibe,1063,SELL-0046
PROD-0809,Sneaker-Clone Footwear Item 809,Footwear,Sneaker-Clone,1018,SELL-0073
PROD-0810,Generic Home & Kitchen Item 810,Home & Kitchen,Generic,2536,SELL-0038
PROD-0811,Generic Beauty Item 811,Beauty,Generic,966,SELL-0070
PROD-0812,UrbanThreads Fashion Item 812,Fashion,UrbanThreads,4518,SELL-0034
PROD-0813,Generic Beauty Item 813,Beauty,Generic,2525,SELL-0022
PROD-0814,SprintX Footwear Item 814,Footwear,SprintX,4668,SELL-0097
PROD-0815,SprintX Footwear Item 815,Footwear,SprintX,2577,SELL-0011
PROD-0816,Electro-Clone Electronics Item 816,Electronics,Electro-Clone,1223,SELL-0084
PROD-0817,Generic Home & Kitchen Item 817,Home & Kitchen,Generic,1504,SELL-0050
PROD-0818,Generic Home & Kitchen Item 818,Home & Kitchen,Generic,688,SELL-0086
PROD-0819,TechPro Electronics Item 819,Electronics,TechPro,2410,SELL-0094
PROD-0820,WalkEase Footwear Item 820,Footwear,WalkEase,4303,SELL-0089
PROD-0821,Generic Home & Kitchen Item 821,Home & Kitchen,Generic,1172,SELL-0024
PROD-0822,DesiVibe Fashion Item 822,Fashion,DesiVibe,3152,SELL-0043
PROD-0823,Generic Beauty Item 823,Beauty,Generic,1869,SELL-0045
PROD-0824,WalkEase Footwear Item 824,Footwear,WalkEase,4687,SELL-0026
PROD-0825,DesiVibe Fashion Item 825,Fashion,DesiVibe,3766,SELL-0016
PROD-0826,Generic Home & Kitchen Item 826,Home & Kitchen,Generic,1866,SELL-0067
PROD-0827,SprintX Footwear Item 827,Footwear,SprintX,1266,SELL-0025
PROD-0828,SprintX Footwear Item 828,Footwear,SprintX,2065,SELL-0013
PROD-0829,Generic Home & Kitchen Item 829,Home & Kitchen,Generic,3397,SELL-0085
PROD-0830,Generic Beauty Item 830,Beauty,Generic,2656,SELL-0021
PROD-0831,Generic Beauty Item 831,Beauty,Generic,3344,SELL-0071
PROD-0832,SoundMax Electronics Item 832,Electronics,SoundMax,2865,SELL-0062
PROD-0833,UrbanThreads Fashion Item 833,Fashion,UrbanThreads,971,SELL-0085
PROD-0834,Generic Home & Kitchen Item 834,Home & Kitchen,Generic,941,SELL-0019
PROD-0835,Generic Beauty Item 835,Beauty,Generic,1066,SELL-0098
PROD-0836,Generic Home & Kitchen Item 836,Home & Kitchen,Generic,3200,SELL-0081
PROD-0837,Generic Beauty Item 837,Beauty,Generic,3823,SELL-0036
PROD-0838,Zara-Clone Fashion Item 838,Fashion,Zara-Clone,3014,SELL-0067
PROD-0839,Generic Beauty Item 839,Beauty,Generic,1520,SELL-0045
PROD-0840,WalkEase Footwear Item 840,Footwear,WalkEase,3224,SELL-0066
PROD-0841,Generic Beauty Item 841,Beauty,Generic,2235,SELL-0076
PROD-0842,WalkEase Footwear Item 842,Footwear,WalkEase,4961,SELL-0065
PROD-0843,Electro-Clone Electronics Item 843,Electronics,Electro-Clone,1412,SELL-0097
PROD-0844,Generic Home & Kitchen Item 844,Home & Kitchen,Generic,2884,SELL-0062
PROD-0845,TechPro Electronics Item 845,Electronics,TechPro,2987,SELL-0002
PROD-0846,DesiVibe Fashion Item 846,Fashion,DesiVibe,4675,SELL-0021
PROD-0847,Generic Home & Kitchen Item 847,Home & Kitchen,Generic,4661,SELL-0096
PROD-0848,Generic Beauty Item 848,Beauty,Generic,4563,SELL-0084
PROD-0849,DesiVibe Fashion Item 849,Fashion,DesiVibe,1720,SELL-0033
PROD-0850,WalkEase Footwear Item 850,Footwear,WalkEase,4458,SELL-0020
PROD-0851,SprintX Footwear Item 851,Footwear,SprintX,3668,SELL-0091
PROD-0852,DesiVibe Fashion Item 852,Fashion,DesiVibe,546,SELL-0070
PROD-0853,TechPro Electronics Item 853,Electronics,TechPro,2591,SELL-0089
PROD-0854,DesiVibe Fashion Item 854,Fashion,DesiVibe,3904,SELL-0018
PROD-0855,SprintX Footwear Item 855,Footwear,SprintX,3935,SELL-0087
PROD-0856,DesiVibe Fashion Item 856,Fashion,DesiVibe,457,SELL-0014
PROD-0857,Generic Beauty Item 857,Beauty,Generic,2462,SELL-0051
PROD-0858,Zara-Clone Fashion Item 858,Fashion,Zara-Clone,4640,SELL-0047
PROD-0859,Generic Home & Kitchen Item 859,Home & Kitchen,Generic,1912,SELL-0053
PROD-0860,DesiVibe Fashion Item 860,Fashion,DesiVibe,2220,SELL-0082
PROD-0861,TechPro Electronics Item 861,Electronics,TechPro,925,SELL-0004
PROD-0862,Generic Home & Kitchen Item 862,Home & Kitchen,Generic,4708,SELL-0067
PROD-0863,Zara-Clone Fashion Item 863,Fashion,Zara-Clone,4610,SELL-0064
PROD-0864,Generic Home & Kitchen Item 864,Home & Kitchen,Generic,3351,SELL-0068
PROD-0865,Sneaker-Clone Footwear Item 865,Footwear,Sneaker-Clone,2075,SELL-0047
PROD-0866,DesiVibe Fashion Item 866,Fashion,DesiVibe,4378,SELL-0061
PROD-0867,WalkEase Footwear Item 867,Footwear,WalkEase,1600,SELL-0088
PROD-0868,DesiVibe Fashion Item 868,Fashion,DesiVibe,4272,SELL-0032
PROD-0869,Sneaker-Clone Footwear Item 869,Footwear,Sneaker-Clone,4324,SELL-0006
PROD-0870,Generic Home & Kitchen Item 870,Home & Kitchen,Generic,1913,SELL-0048
PROD-0871,Zara-Clone Fashion Item 871,Fashion,Zara-Clone,4960,SELL-0018
PROD-0872,WalkEase Footwear Item 872,Footwear,WalkEase,3037,SELL-0071
PROD-0873,SprintX Footwear Item 873,Footwear,SprintX,3506,SELL-0050
PROD-0874,WalkEase Footwear Item 874,Footwear,WalkEase,1114,SELL-0078
PROD-0875,Zara-Clone Fashion Item 875,Fashion,Zara-Clone,4040,SELL-0014
PROD-0876,DesiVibe Fashion Item 876,Fashion,DesiVibe,2671,SELL-0013
PROD-0877,WalkEase Footwear Item 877,Footwear,WalkEase,4990,SELL-0073
PROD-0878,DesiVibe Fashion Item 878,Fashion,DesiVibe,1301,SELL-0058
PROD-0879,Generic Beauty Item 879,Beauty,Generic,3587,SELL-0091
PROD-0880,TechPro Electronics Item 880,Electronics,TechPro,3385,SELL-0030
PROD-0881,Electro-Clone Electronics Item 881,Electronics,Electro-Clone,2376,SELL-0071
PROD-0882,Zara-Clone Fashion Item 882,Fashion,Zara-Clone,2966,SELL-0045
PROD-0883,Generic Home & Kitchen Item 883,Home & Kitchen,Generic,388,SELL-0071
PROD-0884,Generic Beauty Item 884,Beauty,Generic,2535,SELL-0013
PROD-0885,UrbanThreads Fashion Item 885,Fashion,UrbanThreads,2616,SELL-0049
PROD-0886,Electro-Clone Electronics Item 886,Electronics,Electro-Clone,11174,SELL-0042
PROD-0887,Electro-Clone Electronics Item 887,Electronics,Electro-Clone,2137,SELL-0009
PROD-0888,WalkEase Footwear Item 888,Footwear,WalkEase,1841,SELL-0008
PROD-0889,WalkEase Footwear Item 889,Footwear,WalkEase,3266,SELL-0100
PROD-0890,SprintX Footwear Item 890,Footwear,SprintX,2578,SELL-0035
PROD-0891,SprintX Footwear Item 891,Footwear,SprintX,590,SELL-0099
PROD-0892,DesiVibe Fashion Item 892,Fashion,DesiVibe,4851,SELL-0001
PROD-0893,Generic Home & Kitchen Item 893,Home & Kitchen,Generic,744,SELL-0029
PROD-0894,Generic Home & Kitchen Item 894,Home & Kitchen,Generic,468,SELL-0018
PROD-0895,UrbanThreads Fashion Item 895,Fashion,UrbanThreads,2858,SELL-0032
PROD-0896,TechPro Electronics Item 896,Electronics,TechPro,545,SELL-0048
PROD-0897,SprintX Footwear Item 897,Footwear,SprintX,4792,SELL-0071
PROD-0898,Electro-Clone Electronics Item 898,Electronics,Electro-Clone,1793,SELL-0018
PROD-0899,SprintX Footwear Item 899,Footwear,SprintX,4606,SELL-0091
PROD-0900,Generic Beauty Item 900,Beauty,Generic,961,SELL-0096
PROD-0901,Generic Home & Kitchen Item 901,Home & Kitchen,Generic,1196,SELL-0037
PROD-0902,UrbanThreads Fashion Item 902,Fashion,UrbanThreads,2833,SELL-0038
PROD-0903,Generic Home & Kitchen Item 903,Home & Kitchen,Generic,2209,SELL-0004
PROD-0904,Zara-Clone Fashion Item 904,Fashion,Zara-Clone,835,SELL-0081
PROD-0905,Generic Home & Kitchen Item 905,Home & Kitchen,Generic,3210,SELL-0069
PROD-0906,Generic Home & Kitchen Item 906,Home & Kitchen,Generic,3578,SELL-0027
PROD-0907,Generic Beauty Item 907,Beauty,Generic,4421,SELL-0001
PROD-0908,SoundMax Electronics Item 908,Electronics,SoundMax,1810,SELL-0018
PROD-0909,WalkEase Footwear Item 909,Footwear,WalkEase,2982,SELL-0009
PROD-0910,WalkEase Footwear Item 910,Footwear,WalkEase,4838,SELL-0041
PROD-0911,DesiVibe Fashion Item 911,Fashion,DesiVibe,1377,SELL-0065
PROD-0912,Sneaker-Clone Footwear Item 912,Footwear,Sneaker-Clone,893,SELL-0044
PROD-0913,Zara-Clone Fashion Item 913,Fashion,Zara-Clone,2613,SELL-0099
PROD-0914,Electro-Clone Electronics Item 914,Electronics,Electro-Clone,2554,SELL-0060
PROD-0915,SprintX Footwear Item 915,Footwear,SprintX,1569,SELL-0096
PROD-0916,Zara-Clone Fashion Item 916,Fashion,Zara-Clone,3335,SELL-0058
PROD-0917,Generic Home & Kitchen Item 917,Home & Kitchen,Generic,4584,SELL-0099
PROD-0918,Electro-Clone Electronics Item 918,Electronics,Electro-Clone,9733,SELL-0042
PROD-0919,UrbanThreads Fashion Item 919,Fashion,UrbanThreads,1773,SELL-0074
PROD-0920,Sneaker-Clone Footwear Item 920,Footwear,Sneaker-Clone,4289,SELL-0094
PROD-0921,Generic Home & Kitchen Item 921,Home & Kitchen,Generic,2167,SELL-0013
PROD-0922,Generic Home & Kitchen Item 922,Home & Kitchen,Generic,2121,SELL-0036
PROD-0923,TechPro Electronics Item 923,Electronics,TechPro,3290,SELL-0075
PROD-0924,SprintX Footwear Item 924,Footwear,SprintX,4777,SELL-0085
PROD-0925,Generic Beauty Item 925,Beauty,Generic,4683,SELL-0003
PROD-0926,Sneaker-Clone Footwear Item 926,Footwear,Sneaker-Clone,4823,SELL-0019
PROD-0927,Generic Beauty Item 927,Beauty,Generic,1570,SELL-0028
PROD-0928,WalkEase Footwear Item 928,Footwear,WalkEase,1237,SELL-0095
PROD-0929,TechPro Electronics Item 929,Electronics,TechPro,3051,SELL-0057
PROD-0930,Generic Beauty Item 930,Beauty,Generic,2736,SELL-0038
PROD-0931,Generic Home & Kitchen Item 931,Home & Kitchen,Generic,4350,SELL-0051
PROD-0932,DesiVibe Fashion Item 932,Fashion,DesiVibe,1336,SELL-0057
PROD-0933,Electro-Clone Electronics Item 933,Electronics,Electro-Clone,1559,SELL-0038
PROD-0934,Generic Beauty Item 934,Beauty,Generic,2876,SELL-0038
PROD-0935,Generic Home & Kitchen Item 935,Home & Kitchen,Generic,4365,SELL-0010
PROD-0936,Generic Beauty Item 936,Beauty,Generic,3085,SELL-0003
PROD-0937,Electro-Clone Electronics Item 937,Electronics,Electro-Clone,822,SELL-0025
PROD-0938,Zara-Clone Fashion Item 938,Fashion,Zara-Clone,984,SELL-0045
PROD-0939,SprintX Footwear Item 939,Footwear,SprintX,491,SELL-0091
PROD-0940,DesiVibe Fashion Item 940,Fashion,DesiVibe,4672,SELL-0013
PROD-0941,Electro-Clone Electronics Item 941,Electronics,Electro-Clone,6069,SELL-0042
PROD-0942,Electro-Clone Electronics Item 942,Electronics,Electro-Clone,2665,SELL-0077
PROD-0943,DesiVibe Fashion Item 943,Fashion,DesiVibe,1867,SELL-0012
PROD-0944,SoundMax Electronics Item 944,Electronics,SoundMax,1036,SELL-0034
PROD-0945,SprintX Footwear Item 945,Footwear,SprintX,1107,SELL-0025
PROD-0946,Generic Home & Kitchen Item 946,Home & Kitchen,Generic,3886,SELL-0012
PROD-0947,TechPro Electronics Item 947,Electronics,TechPro,2084,SELL-0077
PROD-0948,Zara-Clone Fashion Item 948,Fashion,Zara-Clone,1057,SELL-0063
PROD-0949,TechPro Electronics Item 949,Electronics,TechPro,4590,SELL-0031
PROD-0950,Generic Beauty Item 950,Beauty,Generic,1633,SELL-0075
PROD-0951,Generic Home & Kitchen Item 951,Home & Kitchen,Generic,1873,SELL-0038
PROD-0952,SoundMax Electronics Item 952,Electronics,SoundMax,4672,SELL-0065
PROD-0953,Generic Beauty Item 953,Beauty,Generic,2448,SELL-0044
PROD-0954,Generic Beauty Item 954,Beauty,Generic,582,SELL-0027
PROD-0955,Generic Home & Kitchen Item 955,Home & Kitchen,Generic,2967,SELL-0027
PROD-0956,DesiVibe Fashion Item 956,Fashion,DesiVibe,4846,SELL-0084
PROD-0957,Electro-Clone Electronics Item 957,Electronics,Electro-Clone,3787,SELL-0093
PROD-0958,SprintX Footwear Item 958,Footwear,SprintX,4625,SELL-0004
PROD-0959,Generic Beauty Item 959,Beauty,Generic,4733,SELL-0010
PROD-0960,Electro-Clone Electronics Item 960,Electronics,Electro-Clone,3976,SELL-0013
PROD-0961,Generic Beauty Item 961,Beauty,Generic,2711,SELL-0058
PROD-0962,SoundMax Electronics Item 962,Electronics,SoundMax,1003,SELL-0036
PROD-0963,Generic Beauty Item 963,Beauty,Generic,3431,SELL-0018
PROD-0964,Electro-Clone Electronics Item 964,Electronics,Electro-Clone,1682,SELL-0091
PROD-0965,Generic Home & Kitchen Item 965,Home & Kitchen,Generic,636,SELL-0035
PROD-0966,Zara-Clone Fashion Item 966,Fashion,Zara-Clone,604,SELL-0029
PROD-0967,DesiVibe Fashion Item 967,Fashion,DesiVibe,2275,SELL-0095
PROD-0968,Generic Home & Kitchen Item 968,Home & Kitchen,Generic,4030,SELL-0078
PROD-0969,Zara-Clone Fashion Item 969,Fashion,Zara-Clone,4085,SELL-0076
PROD-0970,SoundMax Electronics Item 970,Electronics,SoundMax,4383,SELL-0096
PROD-0971,SprintX Footwear Item 971,Footwear,SprintX,1697,SELL-0040
PROD-0972,Sneaker-Clone Footwear Item 972,Footwear,Sneaker-Clone,3086,SELL-0057
PROD-0973,Generic Home & Kitchen Item 973,Home & Kitchen,Generic,2724,SELL-0010
PROD-0974,Generic Beauty Item 974,Beauty,Generic,3279,SELL-0080
PROD-0975,Generic Beauty Item 975,Beauty,Generic,1142,SELL-0058
PROD-0976,Generic Beauty Item 976,Beauty,Generic,2023,SELL-0067
PROD-0977,SoundMax Electronics Item 977,Electronics,SoundMax,4655,SELL-0095
PROD-0978,DesiVibe Fashion Item 978,Fashion,DesiVibe,4473,SELL-0083
PROD-0979,SoundMax Electronics Item 979,Electronics,SoundMax,2353,SELL-0096
PROD-0980,WalkEase Footwear Item 980,Footwear,WalkEase,4402,SELL-0035
PROD-0981,SprintX Footwear Item 981,Footwear,SprintX,649,SELL-0067
PROD-0982,WalkEase Footwear Item 982,Footwear,WalkEase,2050,SELL-0053
PROD-0983,Generic Beauty Item 983,Beauty,Generic,2045,SELL-0015
PROD-0984,Zara-Clone Fashion Item 984,Fashion,Zara-Clone,1050,SELL-0053
PROD-0985,WalkEase Footwear Item 985,Footwear,WalkEase,769,SELL-0066
PROD-0986,SoundMax Electronics Item 986,Electronics,SoundMax,1876,SELL-0019
PROD-0987,Generic Beauty Item 987,Beauty,Generic,3444,SELL-0045
PROD-0988,Generic Beauty Item 988,Beauty,Generic,393,SELL-0094
PROD-0989,Generic Beauty Item 989,Beauty,Generic,602,SELL-0078
PROD-0990,Generic Beauty Item 990,Beauty,Generic,1618,SELL-0061
PROD-0991,DesiVibe Fashion Item 991,Fashion,DesiVibe,2378,SELL-0014
PROD-0992,Generic Beauty Item 992,Beauty,Generic,1296,SELL-0032
PROD-0993,Generic Home & Kitchen Item 993,Home & Kitchen,Generic,1548,SELL-0028
PROD-0994,WalkEase Footwear Item 994,Footwear,WalkEase,3442,SELL-0090
PROD-0995,Electro-Clone Electronics Item 995,Electronics,Electro-Clone,751,SELL-0040
PROD-0996,TechPro Electronics Item 996,Electronics,TechPro,418,SELL-0088
PROD-0997,Electro-Clone Electronics Item 997,Electronics,Electro-Clone,773,SELL-0085
PROD-0998,Sneaker-Clone Footwear Item 998,Footwear,Sneaker-Clone,3676,SELL-0004
PROD-0999,Sneaker-Clone Footwear Item 999,Footwear,Sneaker-Clone,2730,SELL-0077
PROD-1000,TechPro Electronics Item 1000,Electronics,TechPro,2079,SELL-0065
